fk_r_billing_engine_ref_cd,x_invoice_id,sk_id,fk_r_revenue_source_ref_cd,fk_x_billing_account_hub_id,fk_x_subscription_hub_id,fk_s_change_context_id_cr,created_at,updated_at,x_created_at,fk_s_change_context_id_dl,deleted_at
STRIPE,in_163yKpHiCtHGC78Fonpk7KU3,...,PRIMARY,...,...,...,"2017-03-27 22:25:39.723","2017-03-27 22:25:39.725","2015-05-18 17:11:51",NULL,NULL
STRIPE,in_166VhOHiCtHGC78FFOy8TlkV,...,PRIMARY,...,...,...,"2017-03-27 22:25:41.989","2017-03-27 22:25:42.024","2015-05-25 17:13:38",NULL,NULL
STRIPE,in_16HkXLHiCtHGC78FfLdFtDLb,...,PRIMARY,...,...,...,"2017-03-27 22:26:02.740","2017-03-27 22:26:02.794","2015-06-25 17:17:43",NULL,NULL
STRIPE,in_16ScqVHiCtHGC78FluFrZ9R4,...,PRIMARY,...,...,...,"2017-03-27 22:27:02.026","2017-03-27 22:27:02.128","2015-07-25 17:18:27",NULL,NULL
STRIPE,in_16draCHiCtHGC78Fa2K794Rp,...,PRIMARY,...,...,...,"2017-03-27 22:29:38.704","2017-03-27 22:29:38.948","2015-08-25 17:16:04",NULL,NULL
STRIPE,in_16p6gmHiCtHGC78FnJ3F4rV5,...,PRIMARY,...,...,...,"2017-03-27 22:30:44.875","2017-03-27 22:30:44.935","2015-09-25 17:37:20",NULL,NULL
STRIPE,in_16tprtHiCtHGC78Fg22CcX6D,...,SHIPPING,...,NULL,...,"2017-03-27 22:31:12.074","2017-03-27 22:31:12.128","2015-10-08 18:40:21",NULL,NULL
STRIPE,in_16uCL3HiCtHGC78FDshlepnJ,...,SHIPPING,...,NULL,...,"2017-03-27 22:31:14.182","2017-03-27 22:31:14.288","2015-10-09 18:39:57",NULL,NULL
STRIPE,in_16uYopHiCtHGC78Fj8cDmJR7,...,SHIPPING,...,NULL,...,"2017-03-27 22:31:17.181","2017-03-27 22:31:17.506","2015-10-10 18:40:11",NULL,NULL
STRIPE,in_16uvILHiCtHGC78FMATza3oA,...,SHIPPING,...,NULL,...,"2017-03-27 22:31:22.232","2017-03-27 22:31:22.671","2015-10-11 18:40:09",NULL,NULL
STRIPE,in_16vHlGHiCtHGC78F2ZlS8JY0,...,SHIPPING,...,NULL,...,"2017-03-27 22:31:25.134","2017-03-27 22:31:25.215","2015-10-12 18:39:30",NULL,NULL
STRIPE,in_16veEqHiCtHGC78FPcJScqrU,...,SHIPPING,...,NULL,...,"2017-03-27 22:31:26.823","2017-03-27 22:31:26.860","2015-10-13 18:39:32",NULL,NULL
STRIPE,in_16w0iQHiCtHGC78FGUew9LDt,...,SHIPPING,...,NULL,...,"2017-03-27 22:31:29.389","2017-03-27 22:31:29.609","2015-10-14 18:39:34",NULL,NULL
STRIPE,in_16wNByHiCtHGC78FcyuepGHG,...,SHIPPING,...,NULL,...,"2017-03-27 22:31:33.011","2017-03-27 22:31:33.407","2015-10-15 18:39:34",NULL,NULL
STRIPE,in_16wjfRHiCtHGC78Fb9ITHLv0,...,SHIPPING,...,NULL,...,"2017-03-27 22:31:38.001","2017-03-27 22:31:38.270","2015-10-16 18:39:29",NULL,NULL
STRIPE,in_16x68rHiCtHGC78FXSD5f0y1,...,SHIPPING,...,NULL,...,"2017-03-27 22:31:41.293","2017-03-27 22:31:41.563","2015-10-17 18:39:21",NULL,NULL
STRIPE,in_16xScWHiCtHGC78FE6bu7uDk,...,SHIPPING,...,NULL,...,"2017-03-27 22:31:45.219","2017-03-27 22:31:45.501","2015-10-18 18:39:28",NULL,NULL
STRIPE,in_16xp5zHiCtHGC78FaAL6k2xy,...,SHIPPING,...,NULL,...,"2017-03-27 22:31:47.956","2017-03-27 22:31:48.026","2015-10-19 18:39:23",NULL,NULL
STRIPE,in_16yBZSHiCtHGC78Ff8THGU76,...,SHIPPING,...,NULL,...,"2017-03-27 22:31:49.910","2017-03-27 22:31:50.142","2015-10-20 18:39:18",NULL,NULL
STRIPE,in_16yY3DHiCtHGC78FyI1uRMjT,...,SHIPPING,...,NULL,...,"2017-03-27 22:31:53.765","2017-03-27 22:31:54.022","2015-10-21 18:39:31",NULL,NULL
STRIPE,in_16yuWRHiCtHGC78FfFj6o1YQ,...,SHIPPING,...,NULL,...,"2017-03-27 22:31:57.293","2017-03-27 22:31:57.629","2015-10-22 18:39:11",NULL,NULL
STRIPE,in_16zH03HiCtHGC78FH46KwfEY,...,SHIPPING,...,NULL,...,"2017-03-27 22:32:01.983","2017-03-27 22:32:02.368","2015-10-23 18:39:15",NULL,NULL
STRIPE,in_16zdTeHiCtHGC78FYCm5Xgan,...,SHIPPING,...,NULL,...,"2017-03-27 22:32:07.207","2017-03-27 22:32:07.522","2015-10-24 18:39:18",NULL,NULL
STRIPE,in_16zz2AHiCtHGC78FgZJvoTzH,...,PRIMARY,...,...,...,"2017-03-27 22:32:09.896","2017-03-27 22:32:13.365","2015-10-25 17:40:22",NULL,NULL
STRIPE,in_16zzx6HiCtHGC78FFcbrVAcQ,...,SHIPPING,...,NULL,...,"2017-03-27 22:32:10.785","2017-03-27 22:32:11.092","2015-10-25 18:39:12",NULL,NULL
STRIPE,in_16zzy1HiCtHGC78Fufre1ocL,...,SHIPPING,...,NULL,...,"2017-03-27 22:32:13.013","2017-03-27 22:32:13.041","2015-10-25 18:40:09",NULL,NULL
STRIPE,in_170MQOHiCtHGC78FrtCHpvGa,...,SHIPPING,...,NULL,...,"2017-03-27 22:32:13.989","2017-03-27 22:32:14.404","2015-10-26 18:38:56",NULL,NULL
STRIPE,in_170iu3HiCtHGC78FaLWjC6fk,...,SHIPPING,...,NULL,...,"2017-03-27 22:32:16.175","2017-03-27 22:32:16.403","2015-10-27 18:39:03",NULL,NULL
STRIPE,in_175x5IHiCtHGC78FOR7HUvdB,...,SHIPPING,...,NULL,...,"2017-03-27 22:32:25.331","2017-03-27 22:32:25.597","2015-11-11 03:48:16",NULL,NULL
STRIPE,in_175xECHiCtHGC78F7rhaLXYj,...,SHIPPING,...,NULL,...,"2017-03-27 22:32:50.818","2017-03-27 22:32:51.684","2015-11-11 03:57:28",NULL,NULL
STRIPE,in_178pwkHiCtHGC78F8ZbDP66T,...,SHIPPING,...,NULL,...,"2017-03-27 22:33:11.242","2017-03-27 22:33:14.283","2015-11-19 02:47:22",NULL,NULL
STRIPE,in_178q1NHiCtHGC78FNeHkahV9,...,SHIPPING,...,NULL,...,"2017-03-27 22:33:21.093","2017-03-27 22:33:21.579","2015-11-19 02:52:09",NULL,NULL
STRIPE,in_178q1qHiCtHGC78FCRISCDXF,...,SHIPPING,...,NULL,...,"2017-03-27 22:33:23.013","2017-03-27 22:33:23.260","2015-11-19 02:52:38",NULL,NULL
STRIPE,in_178q2THiCtHGC78FvcWnDnpd,...,SHIPPING,...,NULL,...,"2017-03-27 22:33:24.532","2017-03-27 22:33:24.846","2015-11-19 02:53:17",NULL,NULL
STRIPE,in_178q5lHiCtHGC78FsJejleD2,...,SHIPPING,...,NULL,...,"2017-03-27 22:33:34.622","2017-03-27 22:33:34.896","2015-11-19 02:56:41",NULL,NULL
STRIPE,in_17AbxlHiCtHGC78F0xRK2vcl,...,SHIPPING,...,NULL,...,"2017-03-27 22:33:37.852","2017-03-27 22:33:38.230","2015-11-24 00:15:45",NULL,NULL
STRIPE,in_17Abz6HiCtHGC78FIbDB463l,...,SHIPPING,...,NULL,...,"2017-03-27 22:33:39.604","2017-03-27 22:33:39.929","2015-11-24 00:17:08",NULL,NULL
STRIPE,in_17AbznHiCtHGC78FH5nrbtn6,...,SHIPPING,...,NULL,...,"2017-03-27 22:33:41.447","2017-03-27 22:33:41.823","2015-11-24 00:17:51",NULL,NULL
STRIPE,in_17Ac03HiCtHGC78FZOpyccZ3,...,SHIPPING,...,NULL,...,"2017-03-27 22:33:43.226","2017-03-27 22:33:43.477","2015-11-24 00:18:07",NULL,NULL
STRIPE,in_17Ac0OHiCtHGC78FeKGs6tQF,...,SHIPPING,...,NULL,...,"2017-03-27 22:33:44.044","2017-03-27 22:33:44.089","2015-11-24 00:18:28",NULL,NULL
STRIPE,in_17Ac0xHiCtHGC78FRgRrOveD,...,SHIPPING,...,NULL,...,"2017-03-27 22:33:44.926","2017-03-27 22:33:45.247","2015-11-24 00:19:03",NULL,NULL
STRIPE,in_17Ac1CHiCtHGC78FFll5NnE7,...,SHIPPING,...,NULL,...,"2017-03-27 22:33:46.539","2017-03-27 22:33:47.055","2015-11-24 00:19:18",NULL,NULL
STRIPE,in_17Ac1bHiCtHGC78Fm2VyQTan,...,SHIPPING,...,NULL,...,"2017-03-27 22:33:48.398","2017-03-27 22:33:48.752","2015-11-24 00:19:43",NULL,NULL
STRIPE,in_17Ac23HiCtHGC78FSXh4hP5j,...,SHIPPING,...,NULL,...,"2017-03-27 22:33:50.077","2017-03-27 22:33:50.434","2015-11-24 00:20:11",NULL,NULL
STRIPE,in_17Ac2GHiCtHGC78F8JFbSiaU,...,SHIPPING,...,NULL,...,"2017-03-27 22:33:51.374","2017-03-27 22:33:51.578","2015-11-24 00:20:24",NULL,NULL
STRIPE,in_17Ac2UHiCtHGC78FATIUD6qV,...,SHIPPING,...,NULL,...,"2017-03-27 22:33:52.111","2017-03-27 22:33:52.165","2015-11-24 00:20:38",NULL,NULL
STRIPE,in_17BDPtHiCtHGC78FVuldepkr,...,PRIMARY,...,...,...,"2017-03-27 22:33:55.153","2017-03-27 22:33:55.188","2015-11-25 16:15:17",NULL,NULL
STRIPE,in_17DAoXHiCtHGC78FXkMhYXwY,...,SHIPPING,...,NULL,...,"2017-03-27 22:33:58.515","2017-03-27 22:33:58.906","2015-12-01 01:52:49",NULL,NULL
STRIPE,in_17DApeHiCtHGC78FUlHjYKKT,...,SHIPPING,...,NULL,...,"2017-03-27 22:34:00.976","2017-03-27 22:34:01.552","2015-12-01 01:53:58",NULL,NULL
STRIPE,in_17DArRHiCtHGC78FCNt8dvez,...,SHIPPING,...,NULL,...,"2017-03-27 22:34:04.270","2017-03-27 22:34:04.747","2015-12-01 01:55:49",NULL,NULL
STRIPE,in_17DArfHiCtHGC78F423bLfdh,...,SHIPPING,...,NULL,...,"2017-03-27 22:34:05.818","2017-03-27 22:34:05.881","2015-12-01 01:56:03",NULL,NULL
STRIPE,in_17DAs6HiCtHGC78Fz9ynWBvF,...,SHIPPING,...,NULL,...,"2017-03-27 22:34:06.420","2017-03-27 22:34:06.625","2015-12-01 01:56:30",NULL,NULL
STRIPE,in_17DAsRHiCtHGC78F0noZ5Job,...,SHIPPING,...,NULL,...,"2017-03-27 22:34:07.296","2017-03-27 22:34:07.385","2015-12-01 01:56:51",NULL,NULL
STRIPE,in_17DAtBHiCtHGC78FwQnwdlzZ,...,SHIPPING,...,NULL,...,"2017-03-27 22:34:07.651","2017-03-27 22:34:07.697","2015-12-01 01:57:37",NULL,NULL
STRIPE,in_17DAtwHiCtHGC78FHJ7z6hIC,...,SHIPPING,...,NULL,...,"2017-03-27 22:34:08.567","2017-03-27 22:34:08.898","2015-12-01 01:58:24",NULL,NULL
STRIPE,in_17DAufHiCtHGC78FUI3d8Xtb,...,SHIPPING,...,NULL,...,"2017-03-27 22:34:10.485","2017-03-27 22:34:10.901","2015-12-01 01:59:09",NULL,NULL
STRIPE,in_17DAv3HiCtHGC78F2GjVPDGr,...,SHIPPING,...,NULL,...,"2017-03-27 22:34:12.692","2017-03-27 22:34:13.074","2015-12-01 01:59:33",NULL,NULL
STRIPE,in_17DAvDHiCtHGC78FYW8BCSjC,...,SHIPPING,...,NULL,...,"2017-03-27 22:34:13.807","2017-03-27 22:34:13.845","2015-12-01 01:59:43",NULL,NULL
STRIPE,in_17DAvcHiCtHGC78FzaWBnRzM,...,SHIPPING,...,NULL,...,"2017-03-27 22:34:14.319","2017-03-27 22:34:14.424","2015-12-01 02:00:08",NULL,NULL
STRIPE,in_17DAw2HiCtHGC78FqgfWMqLR,...,SHIPPING,...,NULL,...,"2017-03-27 22:34:14.972","2017-03-27 22:34:15.076","2015-12-01 02:00:34",NULL,NULL
STRIPE,in_17DAwDHiCtHGC78F6aflOPot,...,SHIPPING,...,NULL,...,"2017-03-27 22:34:15.292","2017-03-27 22:34:15.322","2015-12-01 02:00:45",NULL,NULL
STRIPE,in_17EOiXHiCtHGC78FPybgnqv9,...,SHIPPING,...,NULL,...,"2017-03-27 22:34:34.795","2017-03-27 22:34:35.053","2015-12-04 10:55:41",NULL,NULL
STRIPE,in_17EOisHiCtHGC78Fdk7YYzUg,...,SHIPPING,...,NULL,...,"2017-03-27 22:34:36.449","2017-03-27 22:34:36.780","2015-12-04 10:56:02",NULL,NULL
STRIPE,in_17EOjXHiCtHGC78Frziqgloh,...,SHIPPING,...,NULL,...,"2017-03-27 22:34:39.934","2017-03-27 22:34:40.291","2015-12-04 10:56:43",NULL,NULL
STRIPE,in_17EOjrHiCtHGC78FitXp5KXO,...,SHIPPING,...,NULL,...,"2017-03-27 22:34:41.890","2017-03-27 22:34:42.154","2015-12-04 10:57:03",NULL,NULL
STRIPE,in_17EOkWHiCtHGC78F2Zmd4wYV,...,SHIPPING,...,NULL,...,"2017-03-27 22:34:44.436","2017-03-27 22:34:44.774","2015-12-04 10:57:44",NULL,NULL
STRIPE,in_17EOkxHiCtHGC78FijhRX6vT,...,SHIPPING,...,NULL,...,"2017-03-27 22:34:46.743","2017-03-27 22:34:47.209","2015-12-04 10:58:11",NULL,NULL
STRIPE,in_17EVAwHiCtHGC78FFKRxwEdH,...,SHIPPING,...,NULL,...,"2017-03-27 22:34:51.608","2017-03-27 22:34:51.942","2015-12-04 17:49:26",NULL,NULL
STRIPE,in_17EVBHHiCtHGC78FaeC4mEQx,...,SHIPPING,...,NULL,...,"2017-03-27 22:34:53.359","2017-03-27 22:34:53.779","2015-12-04 17:49:47",NULL,NULL
STRIPE,in_17EreLHiCtHGC78Fc7auVmSv,...,SHIPPING,...,NULL,...,"2017-03-27 22:34:57.648","2017-03-27 22:34:58.063","2015-12-05 17:49:17",NULL,NULL
STRIPE,in_17ErefHiCtHGC78FygCRhE0T,...,SHIPPING,...,NULL,...,"2017-03-27 22:34:59.465","2017-03-27 22:34:59.683","2015-12-05 17:49:37",NULL,NULL
STRIPE,in_17FE7eHiCtHGC78FbP9KwW5v,...,SHIPPING,...,NULL,...,"2017-03-27 22:35:01.975","2017-03-27 22:35:02.066","2015-12-06 17:49:02",NULL,NULL
STRIPE,in_17FE7rHiCtHGC78FtFb4mxHc,...,SHIPPING,...,NULL,...,"2017-03-27 22:35:02.764","2017-03-27 22:35:03.003","2015-12-06 17:49:15",NULL,NULL
STRIPE,in_17Fab5HiCtHGC78FNfnW3von,...,SHIPPING,...,NULL,...,"2017-03-27 22:35:05.556","2017-03-27 22:35:05.594","2015-12-07 17:48:55",NULL,NULL
STRIPE,in_17FabGHiCtHGC78FfR7gBhI4,...,SHIPPING,...,NULL,...,"2017-03-27 22:35:05.900","2017-03-27 22:35:05.929","2015-12-07 17:49:06",NULL,NULL
STRIPE,in_17Fx4hHiCtHGC78FgHPcJU1r,...,SHIPPING,...,NULL,...,"2017-03-27 22:35:06.816","2017-03-27 22:35:11.241","2015-12-08 17:48:59",NULL,NULL
STRIPE,in_17Fx52HiCtHGC78FTIt8UCUu,...,SHIPPING,...,NULL,...,"2017-03-27 22:35:08.355","2017-03-27 22:35:08.768","2015-12-08 17:49:20",NULL,NULL
STRIPE,in_17GJYYHiCtHGC78FYSXMoDz1,...,SHIPPING,...,NULL,...,"2017-03-27 22:35:14.284","2017-03-27 22:35:14.740","2015-12-09 17:49:18",NULL,NULL
STRIPE,in_17GJZOHiCtHGC78FBTmZfPuv,...,SHIPPING,...,NULL,...,"2017-03-27 22:35:17.721","2017-03-27 22:35:18.248","2015-12-09 17:50:10",NULL,NULL
STRIPE,in_17Gg1sHiCtHGC78Fi9pTDbqK,...,SHIPPING,...,NULL,...,"2017-03-27 22:35:21.834","2017-03-27 22:35:21.931","2015-12-10 17:49:04",NULL,NULL
STRIPE,in_17Gg2MHiCtHGC78FDFLoTP5q,...,SHIPPING,...,NULL,...,"2017-03-27 22:35:23.443","2017-03-27 22:35:23.851","2015-12-10 17:49:34",NULL,NULL
STRIPE,in_17H2VSHiCtHGC78FC1nlGLyE,...,SHIPPING,...,NULL,...,"2017-03-27 22:35:28.210","2017-03-27 22:35:28.497","2015-12-11 17:49:06",NULL,NULL
STRIPE,in_17H2WAHiCtHGC78FPErnxybr,...,SHIPPING,...,NULL,...,"2017-03-27 22:35:30.939","2017-03-27 22:35:31.191","2015-12-11 17:49:50",NULL,NULL
STRIPE,in_17HOynHiCtHGC78FVW11qNt4,...,SHIPPING,...,NULL,...,"2017-03-27 22:35:33.720","2017-03-27 22:35:34.050","2015-12-12 17:48:53",NULL,NULL
STRIPE,in_17HOz3HiCtHGC78FEz2Ne2ZK,...,SHIPPING,...,NULL,...,"2017-03-27 22:35:35.177","2017-03-27 22:35:35.438","2015-12-12 17:49:09",NULL,NULL
STRIPE,in_17HlSFHiCtHGC78FCtSXNNa1,...,SHIPPING,...,NULL,...,"2017-03-27 22:35:39.184","2017-03-27 22:35:39.404","2015-12-13 17:48:47",NULL,NULL
STRIPE,in_17HlSeHiCtHGC78FY5Lny9K1,...,SHIPPING,...,NULL,...,"2017-03-27 22:35:40.902","2017-03-27 22:35:41.170","2015-12-13 17:49:12",NULL,NULL
STRIPE,in_17I7voHiCtHGC78F80awgtmC,...,SHIPPING,...,NULL,...,"2017-03-27 22:35:43.796","2017-03-27 22:35:43.879","2015-12-14 17:48:48",NULL,NULL
STRIPE,in_17I7w1HiCtHGC78Fx0gdwUKS,...,SHIPPING,...,NULL,...,"2017-03-27 22:35:44.373","2017-03-27 22:35:44.403","2015-12-14 17:49:01",NULL,NULL
STRIPE,in_17IUPSHiCtHGC78FWCUDohVh,...,SHIPPING,...,NULL,...,"2017-03-27 22:35:45.898","2017-03-27 22:35:46.295","2015-12-15 17:48:54",NULL,NULL
STRIPE,in_17IUPdHiCtHGC78FnBmqBmJt,...,SHIPPING,...,NULL,...,"2017-03-27 22:35:47.234","2017-03-27 22:35:47.330","2015-12-15 17:49:05",NULL,NULL
STRIPE,in_17Iqt2HiCtHGC78FDcgV07fD,...,SHIPPING,...,NULL,...,"2017-03-27 22:35:50.744","2017-03-27 22:35:54.297","2015-12-16 17:48:56",NULL,NULL
STRIPE,in_17IqtNHiCtHGC78F2Tu4KnN2,...,SHIPPING,...,NULL,...,"2017-03-27 22:35:51.846","2017-03-27 22:35:52.196","2015-12-16 17:49:17",NULL,NULL
STRIPE,in_17JDMHHiCtHGC78FaEyv0KJS,...,SHIPPING,...,NULL,...,"2017-03-27 22:35:56.052","2017-03-27 22:35:56.302","2015-12-17 17:48:37",NULL,NULL
STRIPE,in_17JDMWHiCtHGC78FUGAtUyC4,...,SHIPPING,...,NULL,...,"2017-03-27 22:35:57.393","2017-03-27 22:35:57.670","2015-12-17 17:48:52",NULL,NULL
STRIPE,in_17JZpvHiCtHGC78F1i2Ay1TJ,...,SHIPPING,...,NULL,...,"2017-03-27 22:36:02.134","2017-03-27 22:36:02.243","2015-12-18 17:48:43",NULL,NULL
STRIPE,in_17JZq5HiCtHGC78FflSf6TNK,...,SHIPPING,...,NULL,...,"2017-03-27 22:36:02.885","2017-03-27 22:36:03.094","2015-12-18 17:48:53",NULL,NULL
STRIPE,in_17JwJMHiCtHGC78FNbd9s538,...,SHIPPING,...,NULL,...,"2017-03-27 22:36:05.963","2017-03-27 22:36:06.025","2015-12-19 17:48:36",NULL,NULL
STRIPE,in_17JwJbHiCtHGC78FLN9LdzTB,...,SHIPPING,...,NULL,...,"2017-03-27 22:36:06.765","2017-03-27 22:36:06.853","2015-12-19 17:48:51",NULL,NULL
STRIPE,in_17KImlHiCtHGC78FGpL4lrqh,...,SHIPPING,...,NULL,...,"2017-03-27 22:36:08.464","2017-03-27 22:36:08.559","2015-12-20 17:48:27",NULL,NULL
STRIPE,in_17KImuHiCtHGC78FjlzPKvSl,...,SHIPPING,...,NULL,...,"2017-03-27 22:36:09.050","2017-03-27 22:36:09.145","2015-12-20 17:48:36",NULL,NULL
STRIPE,in_17KfGRHiCtHGC78FKlgKrPLo,...,SHIPPING,...,NULL,...,"2017-03-27 22:36:11.739","2017-03-27 22:36:11.775","2015-12-21 17:48:35",NULL,NULL
STRIPE,in_17KfGXHiCtHGC78FFh8UMRCH,...,SHIPPING,...,NULL,...,"2017-03-27 22:36:11.945","2017-03-27 22:36:11.991","2015-12-21 17:48:41",NULL,NULL
STRIPE,in_17L1jqHiCtHGC78FAN20A8Mv,...,SHIPPING,...,NULL,...,"2017-03-27 22:36:12.937","2017-03-27 22:36:13.143","2015-12-22 17:48:26",NULL,NULL
STRIPE,in_17L1k5HiCtHGC78F6SPS8aE8,...,SHIPPING,...,NULL,...,"2017-03-27 22:36:14.312","2017-03-27 22:36:14.664","2015-12-22 17:48:41",NULL,NULL
STRIPE,in_17LODMHiCtHGC78F274fgi2r,...,SHIPPING,...,NULL,...,"2017-03-27 22:36:18.849","2017-03-27 22:36:19.051","2015-12-23 17:48:24",NULL,NULL
STRIPE,in_17LODcHiCtHGC78F3iB4CNoD,...,SHIPPING,...,NULL,...,"2017-03-27 22:36:20.223","2017-03-27 22:36:20.561","2015-12-23 17:48:40",NULL,NULL
STRIPE,in_17LkgwHiCtHGC78FqfxU2NaZ,...,SHIPPING,...,NULL,...,"2017-03-27 22:36:24.833","2017-03-27 22:36:25.150","2015-12-24 17:48:26",NULL,NULL
STRIPE,in_17LkhjHiCtHGC78FOXqU96mL,...,SHIPPING,...,NULL,...,"2017-03-27 22:36:28.815","2017-03-27 22:36:29.314","2015-12-24 17:49:15",NULL,NULL
STRIPE,in_17M5joHiCtHGC78FVykORPha,...,PRIMARY,...,...,...,"2017-03-27 22:36:31.579","2017-03-27 22:36:31.637","2015-12-25 16:16:48",NULL,NULL
STRIPE,in_17M7AOHiCtHGC78FThmh9Bhl,...,SHIPPING,...,NULL,...,"2017-03-27 22:36:32.096","2017-03-27 22:36:32.183","2015-12-25 17:48:20",NULL,NULL
STRIPE,in_17M7AXHiCtHGC78FtE04vc3A,...,SHIPPING,...,NULL,...,"2017-03-27 22:36:32.723","2017-03-27 22:36:32.938","2015-12-25 17:48:29",NULL,NULL
STRIPE,in_17MTdqHiCtHGC78FovpyLFpq,...,SHIPPING,...,NULL,...,"2017-03-27 22:36:35.785","2017-03-27 22:36:35.813","2015-12-26 17:48:14",NULL,NULL
STRIPE,in_17Mq7YHiCtHGC78F1Hg2Xj3e,...,SHIPPING,...,NULL,...,"2017-03-27 22:36:37.537","2017-03-27 22:36:37.592","2015-12-27 17:48:24",NULL,NULL
STRIPE,in_17Mq7xHiCtHGC78FmDX97OsM,...,SHIPPING,...,NULL,...,"2017-03-27 22:36:39.389","2017-03-27 22:36:39.444","2015-12-27 17:48:49",NULL,NULL
STRIPE,in_17NCaoHiCtHGC78FlxevmGK7,...,SHIPPING,...,NULL,...,"2017-03-27 22:36:41.118","2017-03-27 22:36:41.174","2015-12-28 17:48:06",NULL,NULL
STRIPE,in_17NZ4lHiCtHGC78FY9xSKKkl,...,SHIPPING,...,NULL,...,"2017-03-27 22:36:43.979","2017-03-27 22:36:44.468","2015-12-29 17:48:31",NULL,NULL
STRIPE,in_17NZ5ZHiCtHGC78FUPvQ0g8A,...,SHIPPING,...,NULL,...,"2017-03-27 22:36:49.374","2017-03-27 22:36:49.651","2015-12-29 17:49:21",NULL,NULL
STRIPE,in_17NvYCHiCtHGC78FTmCYLGzq,...,SHIPPING,...,NULL,...,"2017-03-27 22:36:53.239","2017-03-27 22:36:53.812","2015-12-30 17:48:24",NULL,NULL
STRIPE,in_17NvZQHiCtHGC78FApSsIqC0,...,SHIPPING,...,NULL,...,"2017-03-27 22:36:59.717","2017-03-27 22:37:00.122","2015-12-30 17:49:40",NULL,NULL
STRIPE,in_17OI28HiCtHGC78F3XBOKvsL,...,SHIPPING,...,NULL,...,"2017-03-27 22:37:06.712","2017-03-27 22:37:07.051","2015-12-31 17:48:48",NULL,NULL
STRIPE,in_17OI2cHiCtHGC78FXezpBuRm,...,SHIPPING,...,NULL,...,"2017-03-27 22:37:09.319","2017-03-27 22:37:09.667","2015-12-31 17:49:18",NULL,NULL
STRIPE,in_17OeVHHiCtHGC78F4R6HBOO3,...,SHIPPING,...,NULL,...,"2017-03-27 22:37:19.094","2017-03-27 22:37:19.335","2016-01-01 17:48:23",NULL,NULL
STRIPE,in_17OeVmHiCtHGC78FyowrqYBz,...,SHIPPING,...,NULL,...,"2017-03-27 22:37:21.326","2017-03-27 22:37:21.727","2016-01-01 17:48:54",NULL,NULL
STRIPE,in_17P0yNHiCtHGC78F4rok5ADZ,...,SHIPPING,...,NULL,...,"2017-03-27 22:37:24.771","2017-03-27 22:37:24.872","2016-01-02 17:47:55",NULL,NULL
STRIPE,in_17P0yVHiCtHGC78F5hOayU5V,...,SHIPPING,...,NULL,...,"2017-03-27 22:37:25.179","2017-03-27 22:37:25.229","2016-01-02 17:48:03",NULL,NULL
STRIPE,in_17PNS3HiCtHGC78FBTury53g,...,SHIPPING,...,NULL,...,"2017-03-27 22:37:27.106","2017-03-27 22:37:27.371","2016-01-03 17:48:03",NULL,NULL
STRIPE,in_17PNSXHiCtHGC78FJRo8OBUc,...,SHIPPING,...,NULL,...,"2017-03-27 22:37:29.026","2017-03-27 22:37:29.081","2016-01-03 17:48:33",NULL,NULL
STRIPE,in_17PjvZHiCtHGC78FCQdRxqrg,...,SHIPPING,...,NULL,...,"2017-03-27 22:37:31.030","2017-03-27 22:37:31.136","2016-01-04 17:48:01",NULL,NULL
STRIPE,in_17PjvjHiCtHGC78FEYh6a9lo,...,SHIPPING,...,NULL,...,"2017-03-27 22:37:31.535","2017-03-27 22:37:31.563","2016-01-04 17:48:11",NULL,NULL
STRIPE,in_17Q6P7HiCtHGC78FZY987NWQ,...,SHIPPING,...,NULL,...,"2017-03-27 22:37:32.825","2017-03-27 22:37:33.195","2016-01-05 17:48:01",NULL,NULL
STRIPE,in_17Q6Q4HiCtHGC78FPQGGcNIl,...,SHIPPING,...,NULL,...,"2017-03-27 22:37:37.300","2017-03-27 22:37:37.718","2016-01-05 17:49:00",NULL,NULL
STRIPE,in_17QSshHiCtHGC78Fzf3X9s01,...,SHIPPING,...,NULL,...,"2017-03-27 22:37:41.117","2017-03-27 22:37:41.482","2016-01-06 17:48:03",NULL,NULL
STRIPE,in_17QSt8HiCtHGC78FRUywFaAb,...,SHIPPING,...,NULL,...,"2017-03-27 22:37:43.223","2017-03-27 22:37:43.672","2016-01-06 17:48:30",NULL,NULL
STRIPE,in_17QpM6HiCtHGC78FL1Z2mfxm,...,SHIPPING,...,NULL,...,"2017-03-27 22:37:49.938","2017-03-27 22:37:50.294","2016-01-07 17:47:54",NULL,NULL
STRIPE,in_17QpMSHiCtHGC78FgL1bpl99,...,SHIPPING,...,NULL,...,"2017-03-27 22:37:52.061","2017-03-27 22:37:52.526","2016-01-07 17:48:16",NULL,NULL
STRIPE,in_17RBq8HiCtHGC78FnuV6wfPY,...,SHIPPING,...,NULL,...,"2017-03-27 22:38:03.142","2017-03-27 22:38:03.392","2016-01-08 17:48:24",NULL,NULL
STRIPE,in_17RBqSHiCtHGC78F97nVbYCh,...,SHIPPING,...,NULL,...,"2017-03-27 22:38:04.732","2017-03-27 22:38:05.068","2016-01-08 17:48:44",NULL,NULL
STRIPE,in_17RYJdHiCtHGC78FetZRw1UV,...,SHIPPING,...,NULL,...,"2017-03-27 22:38:13.581","2017-03-27 22:38:14.011","2016-01-09 17:48:21",NULL,NULL
STRIPE,in_17RYKEHiCtHGC78FEF3fHlug,...,SHIPPING,...,NULL,...,"2017-03-27 22:38:16.503","2017-03-27 22:38:16.905","2016-01-09 17:48:58",NULL,NULL
STRIPE,in_17RumuHiCtHGC78FEY3eWy5c,...,SHIPPING,...,NULL,...,"2017-03-27 22:38:20.961","2017-03-27 22:38:21.183","2016-01-10 17:48:04",NULL,NULL
STRIPE,in_17Run8HiCtHGC78Fk5PerjIH,...,SHIPPING,...,NULL,...,"2017-03-27 22:38:22.368","2017-03-27 22:38:22.590","2016-01-10 17:48:18",NULL,NULL
STRIPE,in_17SHGAHiCtHGC78FDvtM3a04,...,SHIPPING,...,NULL,...,"2017-03-27 22:38:24.645","2017-03-27 22:38:24.717","2016-01-11 17:47:46",NULL,NULL
STRIPE,in_17SdjnHiCtHGC78F78wGOnXu,...,SHIPPING,...,NULL,...,"2017-03-27 22:38:26.656","2017-03-27 22:38:27.003","2016-01-12 17:47:51",NULL,NULL
STRIPE,in_17SdkPHiCtHGC78F6vOgbKGz,...,SHIPPING,...,NULL,...,"2017-03-27 22:38:30.304","2017-03-27 22:38:30.609","2016-01-12 17:48:29",NULL,NULL
STRIPE,in_17T0DVHiCtHGC78FGhPsR8Ol,...,SHIPPING,...,NULL,...,"2017-03-27 22:38:35.752","2017-03-27 22:38:36.151","2016-01-13 17:48:01",NULL,NULL
STRIPE,in_17T0DmHiCtHGC78Fnk1CyL8o,...,SHIPPING,...,NULL,...,"2017-03-27 22:38:37.626","2017-03-27 22:38:37.934","2016-01-13 17:48:18",NULL,NULL
STRIPE,in_17TMgpHiCtHGC78FTvFnvENM,...,SHIPPING,...,NULL,...,"2017-03-27 22:38:42.835","2017-03-27 22:38:43.253","2016-01-14 17:47:47",NULL,NULL
STRIPE,in_17TMhWHiCtHGC78Fi0rNEN1M,...,SHIPPING,...,NULL,...,"2017-03-27 22:38:46.057","2017-03-27 22:38:46.436","2016-01-14 17:48:30",NULL,NULL
STRIPE,in_17TjAOHiCtHGC78F28oeieB7,...,SHIPPING,...,NULL,...,"2017-03-27 22:38:52.458","2017-03-27 22:38:52.872","2016-01-15 17:47:48",NULL,NULL
STRIPE,in_17TjAYHiCtHGC78FEcdY1hB7,...,SHIPPING,...,NULL,...,"2017-03-27 22:38:53.985","2017-03-27 22:38:56.449","2016-01-15 17:47:58",NULL,NULL
STRIPE,in_17U5dnHiCtHGC78FohXVDVPE,...,SHIPPING,...,NULL,...,"2017-03-27 22:38:57.961","2017-03-27 22:38:58.311","2016-01-16 17:47:39",NULL,NULL
STRIPE,in_17U5eJHiCtHGC78F2TpmElk7,...,SHIPPING,...,NULL,...,"2017-03-27 22:39:00.748","2017-03-27 22:39:01.042","2016-01-16 17:48:11",NULL,NULL
STRIPE,in_17US7QHiCtHGC78Fl3YuF5JX,...,SHIPPING,...,NULL,...,"2017-03-27 22:39:05.192","2017-03-27 22:39:05.456","2016-01-17 17:47:44",NULL,NULL
STRIPE,in_17US7bHiCtHGC78FmDrmglwX,...,SHIPPING,...,NULL,...,"2017-03-27 22:39:06.326","2017-03-27 22:39:06.568","2016-01-17 17:47:55",NULL,NULL
STRIPE,in_17UoaiHiCtHGC78F5M8NMM3C,...,SHIPPING,...,NULL,...,"2017-03-27 22:39:09.808","2017-03-27 22:39:09.845","2016-01-18 17:47:28",NULL,NULL
STRIPE,in_17VB4AHiCtHGC78FGta0H9C9,...,SHIPPING,...,NULL,...,"2017-03-27 22:39:10.607","2017-03-27 22:39:10.670","2016-01-19 17:47:22",NULL,NULL
STRIPE,in_17VB4mHiCtHGC78FtGV8jaFr,...,SHIPPING,...,NULL,...,"2017-03-27 22:39:12.039","2017-03-27 22:39:12.184","2016-01-19 17:48:00",NULL,NULL
STRIPE,in_17VXYRHiCtHGC78Foa3oQYTW,...,SHIPPING,...,NULL,...,"2017-03-27 22:39:15.749","2017-03-27 22:39:16.271","2016-01-20 17:48:07",NULL,NULL
STRIPE,in_17VXZDHiCtHGC78FwSkaCuUT,...,SHIPPING,...,NULL,...,"2017-03-27 22:39:19.189","2017-03-27 22:39:19.592","2016-01-20 17:48:55",NULL,NULL
STRIPE,in_17Vu1RHiCtHGC78F0SawZOea,...,SHIPPING,...,NULL,...,"2017-03-27 22:39:22.675","2017-03-27 22:39:23.202","2016-01-21 17:47:33",NULL,NULL
STRIPE,in_17Vu2LHiCtHGC78FGxe4c4GM,...,SHIPPING,...,NULL,...,"2017-03-27 22:39:26.839","2017-03-27 22:39:27.130","2016-01-21 17:48:29",NULL,NULL
STRIPE,in_17WGUtHiCtHGC78FTTr8PVj8,...,SHIPPING,...,NULL,...,"2017-03-27 22:39:30.310","2017-03-27 22:39:30.732","2016-01-22 17:47:27",NULL,NULL
STRIPE,in_17WGVPHiCtHGC78FSN2qfFoI,...,SHIPPING,...,NULL,...,"2017-03-27 22:39:33.198","2017-03-27 22:39:33.420","2016-01-22 17:47:59",NULL,NULL
STRIPE,in_17WcyTHiCtHGC78Fz9wZY0N3,...,SHIPPING,...,NULL,...,"2017-03-27 22:39:38.009","2017-03-27 22:39:38.549","2016-01-23 17:47:29",NULL,NULL
STRIPE,in_17WczDHiCtHGC78FuG0qG5UX,...,SHIPPING,...,NULL,...,"2017-03-27 22:39:41.894","2017-03-27 22:39:42.153","2016-01-23 17:48:15",NULL,NULL
STRIPE,in_17WzRvHiCtHGC78FdTQbtu4W,...,SHIPPING,...,NULL,...,"2017-03-27 22:39:45.798","2017-03-27 22:39:46.000","2016-01-24 17:47:23",NULL,NULL
STRIPE,in_17WzSDHiCtHGC78FfBYJrhRC,...,SHIPPING,...,NULL,...,"2017-03-27 22:39:47.082","2017-03-27 22:39:47.333","2016-01-24 17:47:41",NULL,NULL
STRIPE,in_17XKVKHiCtHGC78FNfrdW7CZ,...,PRIMARY,...,...,...,"2017-03-27 22:39:48.946","2017-03-27 22:39:48.980","2016-01-25 16:16:18",NULL,NULL
STRIPE,in_17XLvCHiCtHGC78FTDLP0xhr,...,SHIPPING,...,NULL,...,"2017-03-27 22:39:49.186","2017-03-27 22:39:49.215","2016-01-25 17:47:06",NULL,NULL
STRIPE,in_17XLvGHiCtHGC78FKCivdIoo,...,SHIPPING,...,NULL,...,"2017-03-27 22:39:49.386","2017-03-27 22:39:49.433","2016-01-25 17:47:10",NULL,NULL
STRIPE,in_17XiOtHiCtHGC78FiKDPKfyt,...,SHIPPING,...,NULL,...,"2017-03-27 22:39:51.100","2017-03-27 22:39:51.538","2016-01-26 17:47:15",NULL,NULL
STRIPE,in_17XiPLHiCtHGC78F9BbqDXwX,...,SHIPPING,...,NULL,...,"2017-03-27 22:39:53.840","2017-03-27 22:39:54.166","2016-01-26 17:47:43",NULL,NULL
STRIPE,in_17Y4sYHiCtHGC78Fv9nIvg0M,...,SHIPPING,...,NULL,...,"2017-03-27 22:39:58.384","2017-03-27 22:39:58.881","2016-01-27 17:47:22",NULL,NULL
STRIPE,in_17Y4t3HiCtHGC78FPRRUf6Tq,...,SHIPPING,...,NULL,...,"2017-03-27 22:40:00.945","2017-03-27 22:40:01.191","2016-01-27 17:47:53",NULL,NULL
STRIPE,in_17YRM4HiCtHGC78FvmrZOcwZ,...,SHIPPING,...,NULL,...,"2017-03-27 22:40:06.999","2017-03-27 22:40:07.525","2016-01-28 17:47:20",NULL,NULL
STRIPE,in_17YRMfHiCtHGC78F2dPPk277,...,SHIPPING,...,NULL,...,"2017-03-27 22:40:10.335","2017-03-27 22:40:10.612","2016-01-28 17:47:57",NULL,NULL
STRIPE,in_17YnpfHiCtHGC78FxyKaeRH0,...,SHIPPING,...,NULL,...,"2017-03-27 22:40:15.077","2017-03-27 22:40:15.605","2016-01-29 17:47:23",NULL,NULL
STRIPE,in_17Ynq3HiCtHGC78Fe0EAzZNZ,...,SHIPPING,...,NULL,...,"2017-03-27 22:40:17.464","2017-03-27 22:40:17.671","2016-01-29 17:47:47",NULL,NULL
STRIPE,in_17ZAItHiCtHGC78F83eFxvus,...,SHIPPING,...,NULL,...,"2017-03-27 22:40:22.468","2017-03-27 22:40:22.815","2016-01-30 17:47:03",NULL,NULL
STRIPE,in_17ZAJ1HiCtHGC78FHoEz096b,...,SHIPPING,...,NULL,...,"2017-03-27 22:40:23.628","2017-03-27 22:40:23.704","2016-01-30 17:47:11",NULL,NULL
STRIPE,in_17ZWmRHiCtHGC78FOLyVikbP,...,SHIPPING,...,NULL,...,"2017-03-27 22:40:28.245","2017-03-27 22:40:28.620","2016-01-31 17:47:03",NULL,NULL
STRIPE,in_17ZWmuHiCtHGC78FZo9kw1lk,...,SHIPPING,...,NULL,...,"2017-03-27 22:40:30.326","2017-03-27 22:40:30.396","2016-01-31 17:47:32",NULL,NULL
STRIPE,in_17ZtFmHiCtHGC78FOrbJHgcd,...,SHIPPING,...,NULL,...,"2017-03-27 22:40:32.234","2017-03-27 22:40:32.263","2016-02-01 17:46:50",NULL,NULL
STRIPE,in_17ZtFuHiCtHGC78FgzlFkPW1,...,SHIPPING,...,NULL,...,"2017-03-27 22:40:32.522","2017-03-27 22:40:32.550","2016-02-01 17:46:58",NULL,NULL
STRIPE,in_17aFjeHiCtHGC78FPIK25zdD,...,SHIPPING,...,NULL,...,"2017-03-27 22:40:34.106","2017-03-27 22:40:34.554","2016-02-02 17:47:10",NULL,NULL
STRIPE,in_17aFk2HiCtHGC78FiRdhlM5h,...,SHIPPING,...,NULL,...,"2017-03-27 22:40:36.461","2017-03-27 22:40:36.666","2016-02-02 17:47:34",NULL,NULL
STRIPE,in_17acCrHiCtHGC78FHHnKmpTv,...,SHIPPING,...,NULL,...,"2017-03-27 22:40:40.886","2017-03-27 22:40:41.160","2016-02-03 17:46:49",NULL,NULL
STRIPE,in_17acDEHiCtHGC78FaNmtKSta,...,SHIPPING,...,NULL,...,"2017-03-27 22:40:42.644","2017-03-27 22:40:43.057","2016-02-03 17:47:12",NULL,NULL
STRIPE,in_17ayghHiCtHGC78FAr7xmtbm,...,SHIPPING,...,NULL,...,"2017-03-27 22:40:50.023","2017-03-27 22:41:03.500","2016-02-04 17:47:07",NULL,NULL
STRIPE,in_17ayh3HiCtHGC78Fru49snQr,...,SHIPPING,...,NULL,...,"2017-03-27 22:40:52.614","2017-03-27 22:40:52.909","2016-02-04 17:47:29",NULL,NULL
STRIPE,in_17bLAHHiCtHGC78FbeWXZiA1,...,SHIPPING,...,NULL,...,"2017-03-27 22:41:06.376","2017-03-27 22:41:06.773","2016-02-05 17:47:09",NULL,NULL
STRIPE,in_17bLAjHiCtHGC78FQ0HhgXEW,...,SHIPPING,...,NULL,...,"2017-03-27 22:41:08.359","2017-03-27 22:41:08.463","2016-02-05 17:47:37",NULL,NULL
STRIPE,in_17bhdjHiCtHGC78FCALIrQqG,...,SHIPPING,...,NULL,...,"2017-03-27 22:41:12.111","2017-03-27 22:41:12.581","2016-02-06 17:47:03",NULL,NULL
STRIPE,in_17bheIHiCtHGC78FARLttv8Q,...,SHIPPING,...,NULL,...,"2017-03-27 22:41:15.416","2017-03-27 22:41:15.497","2016-02-06 17:47:38",NULL,NULL
STRIPE,in_17c475HiCtHGC78Fu7nNzVNX,...,SHIPPING,...,NULL,...,"2017-03-27 22:41:17.558","2017-03-27 22:41:17.863","2016-02-07 17:46:51",NULL,NULL
STRIPE,in_17c47JHiCtHGC78F1mHZeud4,...,SHIPPING,...,NULL,...,"2017-03-27 22:41:18.845","2017-03-27 22:41:18.949","2016-02-07 17:47:05",NULL,NULL
STRIPE,in_17cQaOHiCtHGC78FSq3Y5HFH,...,SHIPPING,...,NULL,...,"2017-03-27 22:41:21.206","2017-03-27 22:41:21.243","2016-02-08 17:46:36",NULL,NULL
STRIPE,in_17cQabHiCtHGC78Fmege4s6o,...,SHIPPING,...,NULL,...,"2017-03-27 22:41:21.668","2017-03-27 22:41:21.705","2016-02-08 17:46:49",NULL,NULL
STRIPE,in_17cn4JHiCtHGC78FKkOhZ7fw,...,SHIPPING,...,NULL,...,"2017-03-27 22:41:23.933","2017-03-27 22:41:24.421","2016-02-09 17:46:59",NULL,NULL
STRIPE,in_17cn51HiCtHGC78FUiaAFRlI,...,SHIPPING,...,NULL,...,"2017-03-27 22:41:26.920","2017-03-27 22:41:26.993","2016-02-09 17:47:43",NULL,NULL
STRIPE,in_17d9XcHiCtHGC78F6SFnmAfO,...,SHIPPING,...,NULL,...,"2017-03-27 22:41:28.785","2017-03-27 22:41:29.214","2016-02-10 17:46:44",NULL,NULL
STRIPE,in_17d9YJHiCtHGC78FyNy1tBow,...,SHIPPING,...,NULL,...,"2017-03-27 22:41:32.296","2017-03-27 22:41:32.391","2016-02-10 17:47:27",NULL,NULL
STRIPE,in_17dW1CHiCtHGC78F6b3gtOPh,...,SHIPPING,...,NULL,...,"2017-03-27 22:41:35.587","2017-03-27 22:41:36.098","2016-02-11 17:46:46",NULL,NULL
STRIPE,in_17dW1WHiCtHGC78F79MPOtml,...,SHIPPING,...,NULL,...,"2017-03-27 22:41:37.559","2017-03-27 22:41:37.660","2016-02-11 17:47:06",NULL,NULL
STRIPE,in_17dsUfHiCtHGC78F6nPLUhst,...,SHIPPING,...,NULL,...,"2017-03-27 22:41:43.180","2017-03-27 22:41:43.671","2016-02-12 17:46:41",NULL,NULL
STRIPE,in_17dsV8HiCtHGC78F5wCVvSC9,...,SHIPPING,...,NULL,...,"2017-03-27 22:41:45.786","2017-03-27 22:41:45.886","2016-02-12 17:47:10",NULL,NULL
STRIPE,in_17eEyGHiCtHGC78Fthx2QSpl,...,SHIPPING,...,NULL,...,"2017-03-27 22:41:49.898","2017-03-27 22:41:50.571","2016-02-13 17:46:44",NULL,NULL
STRIPE,in_17eEz9HiCtHGC78FHwosh9FN,...,SHIPPING,...,NULL,...,"2017-03-27 22:41:54.486","2017-03-27 22:41:54.584","2016-02-13 17:47:39",NULL,NULL
STRIPE,in_17ebRpHiCtHGC78F1s1uczm7,...,SHIPPING,...,NULL,...,"2017-03-27 22:41:58.076","2017-03-27 22:41:58.592","2016-02-14 17:46:45",NULL,NULL
STRIPE,in_17ebSOHiCtHGC78F6ginv3b8,...,SHIPPING,...,NULL,...,"2017-03-27 22:42:00.976","2017-03-27 22:42:01.021","2016-02-14 17:47:20",NULL,NULL
STRIPE,in_17exuxHiCtHGC78FhfXduglu,...,SHIPPING,...,NULL,...,"2017-03-27 22:42:01.609","2017-03-27 22:42:01.655","2016-02-15 17:46:19",NULL,NULL
STRIPE,in_17fKOSHiCtHGC78FEkpJFjOQ,...,SHIPPING,...,NULL,...,"2017-03-27 22:42:02.394","2017-03-27 22:42:02.483","2016-02-16 17:46:16",NULL,NULL
STRIPE,in_17fKObHiCtHGC78FcX3ofkQZ,...,SHIPPING,...,NULL,...,"2017-03-27 22:42:02.958","2017-03-27 22:42:02.986","2016-02-16 17:46:25",NULL,NULL
STRIPE,in_17fgs3HiCtHGC78FNwQoUNxp,...,SHIPPING,...,NULL,...,"2017-03-27 22:42:04.310","2017-03-27 22:42:04.561","2016-02-17 17:46:19",NULL,NULL
STRIPE,in_17fgt3HiCtHGC78F68u2B9Kj,...,SHIPPING,...,NULL,...,"2017-03-27 22:42:08.913","2017-03-27 22:42:09.589","2016-02-17 17:47:21",NULL,NULL
STRIPE,in_17g3M7HiCtHGC78FWQo7VXQU,...,SHIPPING,...,NULL,...,"2017-03-27 22:42:17.138","2017-03-27 22:42:17.850","2016-02-18 17:46:51",NULL,NULL
STRIPE,in_17g3MSHiCtHGC78FpxtXtboD,...,SHIPPING,...,NULL,...,"2017-03-27 22:42:19.703","2017-03-27 22:42:19.947","2016-02-18 17:47:12",NULL,NULL
STRIPE,in_17gPpQHiCtHGC78Fn8v2bVTi,...,SHIPPING,...,NULL,...,"2017-03-27 22:42:25.251","2017-03-27 22:42:25.899","2016-02-19 17:46:36",NULL,NULL
STRIPE,in_17gPpkHiCtHGC78FtAPh97aB,...,SHIPPING,...,NULL,...,"2017-03-27 22:42:28.112","2017-03-27 22:42:28.332","2016-02-19 17:46:56",NULL,NULL
STRIPE,in_17gmIqHiCtHGC78FOUnsx9Fy,...,SHIPPING,...,NULL,...,"2017-03-27 22:42:33.931","2017-03-27 22:42:34.019","2016-02-20 17:46:28",NULL,NULL
STRIPE,in_17gmJAHiCtHGC78FAPCopciV,...,SHIPPING,...,NULL,...,"2017-03-27 22:42:35.134","2017-03-27 22:42:35.528","2016-02-20 17:46:48",NULL,NULL
STRIPE,in_17h8mLHiCtHGC78FJzn7nfpD,...,SHIPPING,...,NULL,...,"2017-03-27 22:42:40.957","2017-03-27 22:42:41.362","2016-02-21 17:46:25",NULL,NULL
STRIPE,in_17h8mbHiCtHGC78FUVamK5Vp,...,SHIPPING,...,NULL,...,"2017-03-27 22:42:42.671","2017-03-27 22:42:42.742","2016-02-21 17:46:41",NULL,NULL
STRIPE,in_17hVFSHiCtHGC78FEZ2tebb9,...,SHIPPING,...,NULL,...,"2017-03-27 22:42:45.316","2017-03-27 22:42:45.818","2016-02-22 17:45:58",NULL,NULL
STRIPE,in_17hVFdHiCtHGC78FcxDySqMH,...,SHIPPING,...,NULL,...,"2017-03-27 22:42:45.668","2017-03-27 22:42:45.722","2016-02-22 17:46:09",NULL,NULL
STRIPE,in_17hrjXHiCtHGC78Fskz6jsPK,...,SHIPPING,...,NULL,...,"2017-03-27 22:42:49.240","2017-03-27 22:42:49.710","2016-02-23 17:46:31",NULL,NULL
STRIPE,in_17hrjhHiCtHGC78FXjckLsAA,...,SHIPPING,...,NULL,...,"2017-03-27 22:42:50.858","2017-03-27 22:42:50.930","2016-02-23 17:46:41",NULL,NULL
STRIPE,in_17iECyHiCtHGC78F4DxhYl2q,...,SHIPPING,...,NULL,...,"2017-03-27 22:42:56.022","2017-03-27 22:42:56.614","2016-02-24 17:46:24",NULL,NULL
STRIPE,in_17iEDUHiCtHGC78FjizHvnSl,...,SHIPPING,...,NULL,...,"2017-03-27 22:42:58.752","2017-03-27 22:42:58.961","2016-02-24 17:46:56",NULL,NULL
STRIPE,in_17iZboHiCtHGC78F2aY2bYXf,...,PRIMARY,...,...,...,"2017-03-27 22:43:01.843","2017-03-27 22:43:08.808","2016-02-25 16:37:28",NULL,NULL
STRIPE,in_17iagfHiCtHGC78Fj03olLgD,...,SHIPPING,...,NULL,...,"2017-03-27 22:43:04.065","2017-03-27 22:43:04.519","2016-02-25 17:46:33",NULL,NULL
STRIPE,in_17iahHHiCtHGC78Fem0Dqgi3,...,SHIPPING,...,NULL,...,"2017-03-27 22:43:06.914","2017-03-27 22:43:07.012","2016-02-25 17:47:11",NULL,NULL
STRIPE,in_17ixAHHiCtHGC78FqDtZgCDz,...,SHIPPING,...,NULL,...,"2017-03-27 22:43:13.037","2017-03-27 22:43:13.547","2016-02-26 17:46:37",NULL,NULL
STRIPE,in_17ixApHiCtHGC78FJfwVrXgY,...,SHIPPING,...,NULL,...,"2017-03-27 22:43:15.524","2017-03-27 22:43:15.589","2016-02-26 17:47:11",NULL,NULL
STRIPE,in_17jJhkHiCtHGC78FsU5TLrm8,...,SHIPPING,...,NULL,...,"2017-03-27 22:43:18.368","2017-03-27 22:43:18.867","2016-02-27 17:50:40",NULL,NULL
STRIPE,in_17jJiDHiCtHGC78Favj02IFK,...,SHIPPING,...,NULL,...,"2017-03-27 22:43:20.646","2017-03-27 22:43:20.725","2016-02-27 17:51:09",NULL,NULL
STRIPE,in_17jgB6HiCtHGC78F6RWZdBLn,...,SHIPPING,...,NULL,...,"2017-03-27 22:43:24.826","2017-03-27 22:43:25.141","2016-02-28 17:50:28",NULL,NULL
STRIPE,in_17jgBjHiCtHGC78FVScD2Plh,...,SHIPPING,...,NULL,...,"2017-03-27 22:43:26.949","2017-03-27 22:43:26.994","2016-02-28 17:51:07",NULL,NULL
STRIPE,in_17k2eLHiCtHGC78FLyjG2mQa,...,SHIPPING,...,NULL,...,"2017-03-27 22:43:28.402","2017-03-27 22:43:28.483","2016-02-29 17:50:09",NULL,NULL
STRIPE,in_17kP8SHiCtHGC78Fr3J356DM,...,SHIPPING,...,NULL,...,"2017-03-27 22:43:32.223","2017-03-27 22:43:32.764","2016-03-01 17:50:44",NULL,NULL
STRIPE,in_17kP93HiCtHGC78FiGUfhBX1,...,SHIPPING,...,NULL,...,"2017-03-27 22:43:34.949","2017-03-27 22:43:35.171","2016-03-01 17:51:21",NULL,NULL
STRIPE,in_17klc0HiCtHGC78FzvfWD2gd,...,SHIPPING,...,NULL,...,"2017-03-27 22:43:40.143","2017-03-27 22:43:40.924","2016-03-02 17:50:44",NULL,NULL
STRIPE,in_17klcPHiCtHGC78FjE9rsNFh,...,SHIPPING,...,NULL,...,"2017-03-27 22:43:42.970","2017-03-27 22:43:43.058","2016-03-02 17:51:09",NULL,NULL
STRIPE,in_17l85NHiCtHGC78FqBPfgVAr,...,SHIPPING,...,NULL,...,"2017-03-27 22:43:48.886","2017-03-27 22:43:49.350","2016-03-03 17:50:33",NULL,NULL
STRIPE,in_17l86iHiCtHGC78FVRI2EkAR,...,SHIPPING,...,NULL,...,"2017-03-27 22:43:53.644","2017-03-27 22:43:53.750","2016-03-03 17:51:56",NULL,NULL
STRIPE,in_17lUYeHiCtHGC78FEM1Jxmn6,...,SHIPPING,...,NULL,...,"2017-03-27 22:43:56.703","2017-03-27 22:43:57.112","2016-03-04 17:50:16",NULL,NULL
STRIPE,in_17lUZPHiCtHGC78FnRSZMAPs,...,SHIPPING,...,NULL,...,"2017-03-27 22:43:59.517","2017-03-27 22:43:59.715","2016-03-04 17:51:03",NULL,NULL
STRIPE,in_17lr21HiCtHGC78FytZnpBgQ,...,SHIPPING,...,NULL,...,"2017-03-27 22:44:01.816","2017-03-27 22:44:02.200","2016-03-05 17:50:05",NULL,NULL
STRIPE,in_17lr2EHiCtHGC78FXTkFDDYa,...,SHIPPING,...,NULL,...,"2017-03-27 22:44:03.222","2017-03-27 22:44:03.327","2016-03-05 17:50:18",NULL,NULL
STRIPE,in_17mDVkHiCtHGC78FNEz01f7j,...,SHIPPING,...,NULL,...,"2017-03-27 22:44:09.321","2017-03-27 22:44:09.690","2016-03-06 17:50:16",NULL,NULL
STRIPE,in_17mDW3HiCtHGC78FM8VgUVRy,...,SHIPPING,...,NULL,...,"2017-03-27 22:44:11.043","2017-03-27 22:44:11.106","2016-03-06 17:50:35",NULL,NULL
STRIPE,in_17mZynHiCtHGC78F4R2sVMHa,...,SHIPPING,...,NULL,...,"2017-03-27 22:44:12.540","2017-03-27 22:44:12.596","2016-03-07 17:49:45",NULL,NULL
STRIPE,in_17mZyuHiCtHGC78FLvZTMcwG,...,SHIPPING,...,NULL,...,"2017-03-27 22:44:12.793","2017-03-27 22:44:12.825","2016-03-07 17:49:52",NULL,NULL
STRIPE,in_17mwSnHiCtHGC78FtDPuSFN4,...,SHIPPING,...,NULL,...,"2017-03-27 22:44:15.739","2017-03-27 22:44:16.611","2016-03-08 17:50:13",NULL,NULL
STRIPE,in_17mwT3HiCtHGC78FMSyjRqvi,...,SHIPPING,...,NULL,...,"2017-03-27 22:44:18.709","2017-03-27 22:44:18.803","2016-03-08 17:50:29",NULL,NULL
STRIPE,in_17nIwTHiCtHGC78FltGEyH9v,...,SHIPPING,...,NULL,...,"2017-03-27 22:44:25.633","2017-03-27 22:44:26.517","2016-03-09 17:50:21",NULL,NULL
STRIPE,in_17nIwsHiCtHGC78FO8ZtCGWn,...,SHIPPING,...,NULL,...,"2017-03-27 22:44:28.387","2017-03-27 22:44:28.595","2016-03-09 17:50:46",NULL,NULL
STRIPE,in_17nfQ1HiCtHGC78FUV7yo0f9,...,SHIPPING,...,NULL,...,"2017-03-27 22:44:40.175","2017-03-27 22:44:41.032","2016-03-10 17:50:21",NULL,NULL
STRIPE,in_17nfQqHiCtHGC78FgsFzjxMe,...,SHIPPING,...,NULL,...,"2017-03-27 22:44:45.126","2017-03-27 22:44:45.241","2016-03-10 17:51:12",NULL,NULL
STRIPE,in_17o1tYHiCtHGC78FSDpCSMi6,...,SHIPPING,...,NULL,...,"2017-03-27 22:44:51.734","2017-03-27 22:44:52.055","2016-03-11 17:50:20",NULL,NULL
STRIPE,in_17o1twHiCtHGC78FtAzMeLhZ,...,SHIPPING,...,NULL,...,"2017-03-27 22:44:53.371","2017-03-27 22:44:53.443","2016-03-11 17:50:44",NULL,NULL
STRIPE,in_17oOMvHiCtHGC78FX1Vskank,...,SHIPPING,...,NULL,...,"2017-03-27 22:44:57.527","2017-03-27 22:44:58.041","2016-03-12 17:50:09",NULL,NULL
STRIPE,in_17oON7HiCtHGC78FzR998vQN,...,SHIPPING,...,NULL,...,"2017-03-27 22:44:59.328","2017-03-27 22:44:59.525","2016-03-12 17:50:21",NULL,NULL
STRIPE,in_17okq2HiCtHGC78FjDyspISw,...,SHIPPING,...,NULL,...,"2017-03-27 22:45:03.624","2017-03-27 22:45:03.924","2016-03-13 18:49:42",NULL,NULL
STRIPE,in_17okqcHiCtHGC78F3uUCM6Ec,...,SHIPPING,...,NULL,...,"2017-03-27 22:45:06.127","2017-03-27 22:45:06.231","2016-03-13 18:50:18",NULL,NULL
STRIPE,in_17p7JMHiCtHGC78FIQBKVbjF,...,SHIPPING,...,NULL,...,"2017-03-27 22:45:07.756","2017-03-27 22:45:07.803","2016-03-14 18:49:28",NULL,NULL
STRIPE,in_17p7JRHiCtHGC78FRMfKx5AN,...,SHIPPING,...,NULL,...,"2017-03-27 22:45:07.945","2017-03-27 22:45:07.989","2016-03-14 18:49:33",NULL,NULL
STRIPE,in_17pTnVHiCtHGC78Fpxi7Zi8O,...,SHIPPING,...,NULL,...,"2017-03-27 22:45:10.509","2017-03-27 22:45:11.115","2016-03-15 18:50:05",NULL,NULL
STRIPE,in_17pTnnHiCtHGC78FRFss9jid,...,SHIPPING,...,NULL,...,"2017-03-27 22:45:12.841","2017-03-27 22:45:13.140","2016-03-15 18:50:23",NULL,NULL
STRIPE,in_17pqGtHiCtHGC78FrXiylwsA,...,SHIPPING,...,NULL,...,"2017-03-27 22:45:19.480","2017-03-27 22:45:20.007","2016-03-16 18:49:55",NULL,NULL
STRIPE,in_17pqHsHiCtHGC78F3K1w50ka,...,SHIPPING,...,NULL,...,"2017-03-27 22:45:23.056","2017-03-27 22:45:23.385","2016-03-16 18:50:56",NULL,NULL
STRIPE,in_17qCk6HiCtHGC78FlMyBJSNy,...,SHIPPING,...,NULL,...,"2017-03-27 22:45:26.291","2017-03-27 22:45:26.607","2016-03-17 18:49:34",NULL,NULL
STRIPE,in_17qCkQHiCtHGC78FjFwfyulv,...,SHIPPING,...,NULL,...,"2017-03-27 22:45:28.149","2017-03-27 22:45:28.452","2016-03-17 18:49:54",NULL,NULL
STRIPE,in_17qStRHiCtHGC78FwyRXHj5F,...,PRIMARY,...,...,...,"2017-03-27 22:45:33.512","2017-03-27 22:45:33.515","2016-03-18 12:04:17",NULL,NULL
STRIPE,in_17qZDjHiCtHGC78FxBd8UqGt,...,SHIPPING,...,NULL,...,"2017-03-27 22:45:35.066","2017-03-27 22:45:35.614","2016-03-18 18:49:39",NULL,NULL
STRIPE,in_17qZEZHiCtHGC78Frce7UGt1,...,SHIPPING,...,NULL,...,"2017-03-27 22:45:39.676","2017-03-27 22:45:40.168","2016-03-18 18:50:31",NULL,NULL
STRIPE,in_17rrYaHiCtHGC78Fv7vqB7Ky,...,PRIMARY,...,...,...,"2017-03-27 22:45:43.819","2017-03-27 22:45:43.821","2016-03-22 08:36:32",NULL,NULL
STRIPE,in_17sxjAHiCtHGC78F5KaXMLf4,...,SHIPPING,...,NULL,...,"2017-03-27 22:45:49.576","2017-03-27 22:45:50.368","2016-03-25 09:24:00",NULL,NULL
STRIPE,in_17sxjdHiCtHGC78F4hZUhNvw,...,SHIPPING,...,NULL,...,"2017-03-27 22:45:52.630","2017-03-27 22:45:53.055","2016-03-25 09:24:29",NULL,NULL
STRIPE,in_17sxlTHiCtHGC78FmNm0wIcH,...,SHIPPING,...,NULL,...,"2017-03-27 22:45:59.809","2017-03-27 22:46:00.203","2016-03-25 09:26:23",NULL,NULL
STRIPE,in_17sxmHHiCtHGC78FaWZdFpWN,...,SHIPPING,...,NULL,...,"2017-03-27 22:46:02.931","2017-03-27 22:46:03.269","2016-03-25 09:27:13",NULL,NULL
STRIPE,in_17sxmnHiCtHGC78F8ZmvNMrm,...,SHIPPING,...,NULL,...,"2017-03-27 22:46:04.988","2017-03-27 22:46:05.017","2016-03-25 09:27:45",NULL,NULL
STRIPE,in_17sxntHiCtHGC78FhRkf63Gz,...,SHIPPING,...,NULL,...,"2017-03-27 22:46:09.447","2017-03-27 22:46:10.116","2016-03-25 09:28:53",NULL,NULL
STRIPE,in_17sxoHHiCtHGC78FJ1JUNVqE,...,SHIPPING,...,NULL,...,"2017-03-27 22:46:12.447","2017-03-27 22:46:12.857","2016-03-25 09:29:17",NULL,NULL
STRIPE,in_17sxqPHiCtHGC78FNyLNvuq9,...,SHIPPING,...,NULL,...,"2017-03-27 22:46:19.877","2017-03-27 22:46:20.532","2016-03-25 09:31:29",NULL,NULL
STRIPE,in_17sxrEHiCtHGC78FFhcTs6Zc,...,SHIPPING,...,NULL,...,"2017-03-27 22:46:24.422","2017-03-27 22:46:25.154","2016-03-25 09:32:20",NULL,NULL
STRIPE,in_17sxt5HiCtHGC78Ft6gplONx,...,SHIPPING,...,NULL,...,"2017-03-27 22:46:32.227","2017-03-27 22:46:32.652","2016-03-25 09:34:15",NULL,NULL
STRIPE,in_17sxtWHiCtHGC78FB6aOIVNj,...,SHIPPING,...,NULL,...,"2017-03-27 22:46:34.615","2017-03-27 22:46:35.084","2016-03-25 09:34:42",NULL,NULL
STRIPE,in_17t5KXHiCtHGC78FfhfUP0jO,...,PRIMARY,...,...,...,"2017-03-27 22:46:39.917","2017-03-27 22:46:39.952","2016-03-25 17:31:05",NULL,NULL
STRIPE,in_17t6Z8HiCtHGC78F8NKiQsHR,...,SHIPPING,...,NULL,...,"2017-03-27 22:46:40.823","2017-03-27 22:46:41.151","2016-03-25 18:50:14",NULL,NULL
STRIPE,in_17t6ZdHiCtHGC78F138fqEqP,...,SHIPPING,...,NULL,...,"2017-03-27 22:46:43.406","2017-03-27 22:46:43.742","2016-03-25 18:50:45",NULL,NULL
STRIPE,in_17tT2oHiCtHGC78FP6BXfFzK,...,SHIPPING,...,NULL,...,"2017-03-27 22:46:48.305","2017-03-27 22:46:48.683","2016-03-26 18:50:22",NULL,NULL
STRIPE,in_17tT3NHiCtHGC78F9jI2mx4Y,...,SHIPPING,...,NULL,...,"2017-03-27 22:46:51.246","2017-03-27 22:46:54.987","2016-03-26 18:50:57",NULL,NULL
STRIPE,in_17tpWHHiCtHGC78F5UJrJMJT,...,SHIPPING,...,NULL,...,"2017-03-27 22:46:57.421","2017-03-27 22:46:57.963","2016-03-27 18:50:17",NULL,NULL
STRIPE,in_17tpWuHiCtHGC78F2ANqxpuq,...,SHIPPING,...,NULL,...,"2017-03-27 22:47:00.463","2017-03-27 22:47:00.559","2016-03-27 18:50:56",NULL,NULL
STRIPE,in_17uBzZHiCtHGC78FmEYt52Lz,...,SHIPPING,...,NULL,...,"2017-03-27 22:47:02.923","2017-03-27 22:47:02.969","2016-03-28 18:50:01",NULL,NULL
STRIPE,in_17uYTmHiCtHGC78FFLgYfzq9,...,SHIPPING,...,NULL,...,"2017-03-27 22:47:06.134","2017-03-27 22:47:06.693","2016-03-29 18:50:42",NULL,NULL
STRIPE,in_17uYUEHiCtHGC78Fg8nVucRn,...,SHIPPING,...,NULL,...,"2017-03-27 22:47:09.059","2017-03-27 22:47:09.530","2016-03-29 18:51:10",NULL,NULL
STRIPE,in_17uux5HiCtHGC78FOTTSDS92,...,SHIPPING,...,NULL,...,"2017-03-27 22:47:15.231","2017-03-27 22:47:15.851","2016-03-30 18:50:27",NULL,NULL
STRIPE,in_17uuyCHiCtHGC78FAJiBKmbi,...,SHIPPING,...,NULL,...,"2017-03-27 22:47:20.798","2017-03-27 22:47:21.200","2016-03-30 18:51:36",NULL,NULL
STRIPE,in_17vHQTHiCtHGC78FW5qfNCDd,...,SHIPPING,...,NULL,...,"2017-03-27 22:47:27.657","2017-03-27 22:47:28.216","2016-03-31 18:50:17",NULL,NULL
STRIPE,in_17vHR7HiCtHGC78FRTkvFGRr,...,SHIPPING,...,NULL,...,"2017-03-27 22:47:31.083","2017-03-27 22:47:31.619","2016-03-31 18:50:57",NULL,NULL
STRIPE,in_17vdtrHiCtHGC78FMFGfxFL0,...,SHIPPING,...,NULL,...,"2017-03-27 22:47:39.065","2017-03-27 22:47:39.661","2016-04-01 18:50:07",NULL,NULL
STRIPE,in_17vdudHiCtHGC78F26VKP0Ff,...,SHIPPING,...,NULL,...,"2017-03-27 22:47:42.722","2017-03-27 22:47:43.151","2016-04-01 18:50:55",NULL,NULL
STRIPE,in_17w0NUHiCtHGC78FDEznKTC4,...,SHIPPING,...,NULL,...,"2017-03-27 22:47:50.220","2017-03-27 22:47:50.686","2016-04-02 18:50:12",NULL,NULL
STRIPE,in_17w0O3HiCtHGC78Ff1Zc6QL0,...,SHIPPING,...,NULL,...,"2017-03-27 22:47:53.306","2017-03-27 22:47:53.634","2016-04-02 18:50:47",NULL,NULL
STRIPE,in_17wMqkHiCtHGC78FbKCfw5L4,...,SHIPPING,...,NULL,...,"2017-03-27 22:47:58.845","2017-03-27 22:47:59.090","2016-04-03 18:49:54",NULL,NULL
STRIPE,in_17wMqyHiCtHGC78FE8pL0PN2,...,SHIPPING,...,NULL,...,"2017-03-27 22:48:00.009","2017-03-27 22:48:00.356","2016-04-03 18:50:08",NULL,NULL
STRIPE,in_17wwFgHiCtHGC78FScJxCaxS,...,PRIMARY,...,...,...,"2017-03-27 22:48:03.862","2017-03-27 22:48:04.602","2016-04-05 08:38:00",NULL,NULL
STRIPE,in_17x5nuHiCtHGC78F1CA5tqQZ,...,SHIPPING,...,NULL,...,"2017-03-27 22:48:07.569","2017-03-27 22:48:08.064","2016-04-05 18:49:58",NULL,NULL
STRIPE,in_17x5oMHiCtHGC78FWODTOJWp,...,SHIPPING,...,NULL,...,"2017-03-27 22:48:10.011","2017-03-27 22:48:10.424","2016-04-05 18:50:26",NULL,NULL
STRIPE,in_17xSHMHiCtHGC78FOcuXwAFp,...,SHIPPING,...,NULL,...,"2017-03-27 22:48:17.812","2017-03-27 22:48:18.174","2016-04-06 18:49:52",NULL,NULL
STRIPE,in_17xSHuHiCtHGC78FyF93pW9G,...,SHIPPING,...,NULL,...,"2017-03-27 22:48:20.501","2017-03-27 22:48:21.099","2016-04-06 18:50:26",NULL,NULL
STRIPE,in_17xolCHiCtHGC78FJANnRCWM,...,SHIPPING,...,NULL,...,"2017-03-27 22:48:28.143","2017-03-27 22:48:28.518","2016-04-07 18:50:10",NULL,NULL
STRIPE,in_17xolgHiCtHGC78FbJTdGdu0,...,SHIPPING,...,NULL,...,"2017-03-27 22:48:30.567","2017-03-27 22:48:31.030","2016-04-07 18:50:40",NULL,NULL
STRIPE,in_17yBETHiCtHGC78FApt5pExJ,...,SHIPPING,...,NULL,...,"2017-03-27 22:48:38.173","2017-03-27 22:48:39.230","2016-04-08 18:49:53",NULL,NULL
STRIPE,in_17yBEsHiCtHGC78FZgPB2GAk,...,SHIPPING,...,NULL,...,"2017-03-27 22:48:41.246","2017-03-27 22:48:41.592","2016-04-08 18:50:18",NULL,NULL
STRIPE,in_17yXi2HiCtHGC78FSejN5ESi,...,SHIPPING,...,NULL,...,"2017-03-27 22:48:48.187","2017-03-27 22:48:52.553","2016-04-09 18:49:54",NULL,NULL
STRIPE,in_17yXiXHiCtHGC78FFCdzr6g0,...,SHIPPING,...,NULL,...,"2017-03-27 22:48:50.014","2017-03-27 22:48:50.388","2016-04-09 18:50:25",NULL,NULL
STRIPE,in_17yuBVHiCtHGC78F8tXks7k7,...,SHIPPING,...,NULL,...,"2017-03-27 22:48:58.016","2017-03-27 22:48:58.382","2016-04-10 18:49:49",NULL,NULL
STRIPE,in_17yuC5HiCtHGC78Fqh4bx1JN,...,SHIPPING,...,NULL,...,"2017-03-27 22:49:00.194","2017-03-27 22:49:00.453","2016-04-10 18:50:25",NULL,NULL
STRIPE,in_17zGedHiCtHGC78FmSR2qURK,...,SHIPPING,...,NULL,...,"2017-03-27 22:49:03.755","2017-03-27 22:49:03.785","2016-04-11 18:49:23",NULL,NULL
STRIPE,in_17zGehHiCtHGC78FWygmf6lj,...,SHIPPING,...,NULL,...,"2017-03-27 22:49:03.946","2017-03-27 22:49:03.994","2016-04-11 18:49:27",NULL,NULL
STRIPE,in_17zd8cHiCtHGC78FY6A2za1A,...,SHIPPING,...,NULL,...,"2017-03-27 22:49:07.052","2017-03-27 22:49:07.857","2016-04-12 18:49:50",NULL,NULL
STRIPE,in_17zd9RHiCtHGC78FRQZtyjAw,...,SHIPPING,...,NULL,...,"2017-03-27 22:49:11.428","2017-03-27 22:49:12.042","2016-04-12 18:50:41",NULL,NULL
STRIPE,in_17zqyRHiCtHGC78F0UCsS8xo,...,PRIMARY,...,...,...,"2017-03-27 22:49:18.705","2017-03-27 22:49:18.708","2016-04-13 09:36:15",NULL,NULL
STRIPE,in_17zzc0HiCtHGC78FPMn1q7Fa,...,SHIPPING,...,NULL,...,"2017-03-27 22:49:20.308","2017-03-27 22:49:20.847","2016-04-13 18:49:40",NULL,NULL
STRIPE,in_17zzchHiCtHGC78FJRbFgMZM,...,SHIPPING,...,NULL,...,"2017-03-27 22:49:23.826","2017-03-27 22:49:24.440","2016-04-13 18:50:23",NULL,NULL
STRIPE,in_180M5sHiCtHGC78FkKtKHeVk,...,SHIPPING,...,NULL,...,"2017-03-27 22:49:34.992","2017-03-27 22:49:35.563","2016-04-14 18:50:00",NULL,NULL
STRIPE,in_180M6bHiCtHGC78FeR5Lr7bK,...,SHIPPING,...,NULL,...,"2017-03-27 22:49:38.337","2017-03-27 22:49:38.868","2016-04-14 18:50:45",NULL,NULL
STRIPE,in_180iZBHiCtHGC78FFF485iIN,...,SHIPPING,...,NULL,...,"2017-03-27 22:49:46.675","2017-03-27 22:49:47.586","2016-04-15 18:49:45",NULL,NULL
STRIPE,in_180iaBHiCtHGC78FzhCJYbEC,...,SHIPPING,...,NULL,...,"2017-03-27 22:49:51.571","2017-03-27 22:49:52.294","2016-04-15 18:50:47",NULL,NULL
STRIPE,in_18152cHiCtHGC78Fn1gQapnx,...,SHIPPING,...,NULL,...,"2017-03-27 22:50:00.093","2017-03-27 22:50:00.649","2016-04-16 18:49:38",NULL,NULL
STRIPE,in_18153HHiCtHGC78FDrgI6qKS,...,SHIPPING,...,NULL,...,"2017-03-27 22:50:03.769","2017-03-27 22:50:04.450","2016-04-16 18:50:19",NULL,NULL
STRIPE,in_181RVyHiCtHGC78FpulCfGQX,...,SHIPPING,...,NULL,...,"2017-03-27 22:50:10.747","2017-03-27 22:50:11.189","2016-04-17 18:49:26",NULL,NULL
STRIPE,in_181RWMHiCtHGC78FchwzvXgf,...,SHIPPING,...,NULL,...,"2017-03-27 22:50:12.836","2017-03-27 22:50:13.178","2016-04-17 18:49:50",NULL,NULL
STRIPE,in_181nzKHiCtHGC78Fcgbth0KO,...,SHIPPING,...,NULL,...,"2017-03-27 22:50:17.760","2017-03-27 22:50:17.830","2016-04-18 18:49:14",NULL,NULL
STRIPE,in_181nzPHiCtHGC78FeHEDWfxU,...,SHIPPING,...,NULL,...,"2017-03-27 22:50:18.059","2017-03-27 22:50:18.106","2016-04-18 18:49:19",NULL,NULL
STRIPE,in_182ATYHiCtHGC78Fu1yVYykX,...,SHIPPING,...,NULL,...,"2017-03-27 22:50:22.600","2017-03-27 22:50:23.369","2016-04-19 18:49:56",NULL,NULL
STRIPE,in_182AULHiCtHGC78FRTj3ojzf,...,SHIPPING,...,NULL,...,"2017-03-27 22:50:26.458","2017-03-27 22:50:27.090","2016-04-19 18:50:45",NULL,NULL
STRIPE,in_182WwuHiCtHGC78FF2qX9axw,...,SHIPPING,...,NULL,...,"2017-03-27 22:50:36.563","2017-03-27 22:50:37.397","2016-04-20 18:49:44",NULL,NULL
STRIPE,in_182WxbHiCtHGC78FJHq4hicO,...,SHIPPING,...,NULL,...,"2017-03-27 22:50:40.750","2017-03-27 22:50:41.296","2016-04-20 18:50:27",NULL,NULL
STRIPE,in_182tQ5HiCtHGC78FB2niF3eR,...,SHIPPING,...,NULL,...,"2017-03-27 22:50:49.284","2017-03-27 22:50:49.854","2016-04-21 18:49:21",NULL,NULL
STRIPE,in_182tQrHiCtHGC78FpW1uDRPk,...,SHIPPING,...,NULL,...,"2017-03-27 22:50:53.864","2017-03-27 22:50:54.350","2016-04-21 18:50:09",NULL,NULL
STRIPE,in_183FtlHiCtHGC78FBrnxwfiC,...,SHIPPING,...,NULL,...,"2017-03-27 22:51:03.164","2017-03-27 22:51:03.920","2016-04-22 18:49:29",NULL,NULL
STRIPE,in_183Fu7HiCtHGC78FQuj7puhD,...,SHIPPING,...,NULL,...,"2017-03-27 22:51:06.016","2017-03-27 22:51:06.367","2016-04-22 18:49:51",NULL,NULL
STRIPE,in_183cN4HiCtHGC78Fq1GbD3T1,...,SHIPPING,...,NULL,...,"2017-03-27 22:51:14.792","2017-03-27 22:51:15.256","2016-04-23 18:49:14",NULL,NULL
STRIPE,in_183cNfHiCtHGC78Fjlm231Ob,...,SHIPPING,...,NULL,...,"2017-03-27 22:51:17.854","2017-03-27 22:51:18.407","2016-04-23 18:49:51",NULL,NULL
STRIPE,in_183yqWHiCtHGC78FLeg8uGGi,...,SHIPPING,...,NULL,...,"2017-03-27 22:51:26.268","2017-03-27 22:51:26.591","2016-04-24 18:49:08",NULL,NULL
STRIPE,in_183yr9HiCtHGC78Fm9pvQOKv,...,SHIPPING,...,NULL,...,"2017-03-27 22:51:29.085","2017-03-27 22:51:29.332","2016-04-24 18:49:47",NULL,NULL
STRIPE,in_184JqPHiCtHGC78FeWs2xv6h,...,PRIMARY,...,...,...,"2017-03-27 22:51:32.503","2017-03-27 22:51:32.538","2016-04-25 17:14:25",NULL,NULL
STRIPE,in_184LJoHiCtHGC78Fx9PA5QaP,...,SHIPPING,...,NULL,...,"2017-03-27 22:51:32.672","2017-03-27 22:51:32.708","2016-04-25 18:48:52",NULL,NULL
STRIPE,in_184LK1HiCtHGC78FibheC38T,...,SHIPPING,...,NULL,...,"2017-03-27 22:51:33.144","2017-03-27 22:51:33.173","2016-04-25 18:49:05",NULL,NULL
STRIPE,in_184hnwHiCtHGC78FrSzD1bgr,...,SHIPPING,...,NULL,...,"2017-03-27 22:51:36.346","2017-03-27 22:51:37.274","2016-04-26 18:49:28",NULL,NULL
STRIPE,in_184hoWHiCtHGC78FJQxds32i,...,SHIPPING,...,NULL,...,"2017-03-27 22:51:40.205","2017-03-27 22:51:40.730","2016-04-26 18:50:04",NULL,NULL
STRIPE,in_1854HKHiCtHGC78FQJxwmX61,...,SHIPPING,...,NULL,...,"2017-03-27 22:51:52.127","2017-03-27 22:51:52.937","2016-04-27 18:49:18",NULL,NULL
STRIPE,in_1854IUHiCtHGC78FjinotF1D,...,SHIPPING,...,NULL,...,"2017-03-27 22:51:58.161","2017-03-27 22:51:58.721","2016-04-27 18:50:30",NULL,NULL
STRIPE,in_185QkwHiCtHGC78FHP1t7AEq,...,SHIPPING,...,NULL,...,"2017-03-27 22:52:08.620","2017-03-27 22:52:09.156","2016-04-28 18:49:22",NULL,NULL
STRIPE,in_185QmCHiCtHGC78FP2Vp4gFX,...,SHIPPING,...,NULL,...,"2017-03-27 22:52:13.431","2017-03-27 22:52:13.813","2016-04-28 18:50:40",NULL,NULL
STRIPE,in_185nEYHiCtHGC78FYCdtDBRR,...,SHIPPING,...,NULL,...,"2017-03-27 22:52:20.808","2017-03-27 22:52:21.391","2016-04-29 18:49:26",NULL,NULL
STRIPE,in_185nF3HiCtHGC78Fl1DMevHy,...,SHIPPING,...,NULL,...,"2017-03-27 22:52:23.698","2017-03-27 22:52:24.046","2016-04-29 18:49:57",NULL,NULL
STRIPE,in_1869haHiCtHGC78FhVLGsMZf,...,SHIPPING,...,NULL,...,"2017-03-27 22:52:31.065","2017-03-27 22:52:35.751","2016-04-30 18:48:54",NULL,NULL
STRIPE,in_1869iDHiCtHGC78F5yKIWjDO,...,SHIPPING,...,NULL,...,"2017-03-27 22:52:33.320","2017-03-27 22:52:33.953","2016-04-30 18:49:33",NULL,NULL
STRIPE,in_186WAzHiCtHGC78Fe6Omj57x,...,SHIPPING,...,NULL,...,"2017-03-27 22:52:43.039","2017-03-27 22:52:43.296","2016-05-01 18:48:45",NULL,NULL
STRIPE,in_186WBLHiCtHGC78FQI1pLYoV,...,SHIPPING,...,NULL,...,"2017-03-27 22:52:44.725","2017-03-27 22:52:45.169","2016-05-01 18:49:07",NULL,NULL
STRIPE,in_186seQHiCtHGC78FpWYEAKWh,...,SHIPPING,...,NULL,...,"2017-03-27 22:52:51.180","2017-03-27 22:52:51.218","2016-05-02 18:48:38",NULL,NULL
STRIPE,in_186seTHiCtHGC78FhpYC0yNu,...,SHIPPING,...,NULL,...,"2017-03-27 22:52:51.317","2017-03-27 22:52:51.364","2016-05-02 18:48:41",NULL,NULL
STRIPE,in_187F8JHiCtHGC78FrrIhA18Y,...,SHIPPING,...,NULL,...,"2017-03-27 22:52:53.595","2017-03-27 22:52:54.353","2016-05-03 18:48:59",NULL,NULL
STRIPE,in_187F8gHiCtHGC78FSUUZvQso,...,SHIPPING,...,NULL,...,"2017-03-27 22:52:56.521","2017-03-27 22:52:56.920","2016-05-03 18:49:22",NULL,NULL
STRIPE,in_187bbwHiCtHGC78FihJ0u6B6,...,SHIPPING,...,NULL,...,"2017-03-27 22:53:07.734","2017-03-27 22:53:08.167","2016-05-04 18:49:04",NULL,NULL
STRIPE,in_187bd1HiCtHGC78F3RTc1iFb,...,SHIPPING,...,NULL,...,"2017-03-27 22:53:12.976","2017-03-27 22:53:13.698","2016-05-04 18:50:11",NULL,NULL
STRIPE,in_187y5lHiCtHGC78FuqRCgKRC,...,SHIPPING,...,NULL,...,"2017-03-27 22:53:25.478","2017-03-27 22:53:26.063","2016-05-05 18:49:21",NULL,NULL
STRIPE,in_187y6CHiCtHGC78FBdJqtgFl,...,SHIPPING,...,NULL,...,"2017-03-27 22:53:27.737","2017-03-27 22:53:27.991","2016-05-05 18:49:48",NULL,NULL
STRIPE,in_18830GHiCtHGC78Fhuhl6E0s,...,PRIMARY,...,...,...,"2017-03-27 22:53:35.505","2017-03-27 22:53:35.606","2016-05-06 00:04:00",NULL,NULL
STRIPE,in_188KZ5HiCtHGC78FVMoQHxqs,...,SHIPPING,...,NULL,...,"2017-03-27 22:53:38.714","2017-03-27 22:53:39.359","2016-05-06 18:49:07",NULL,NULL
STRIPE,in_188KZSHiCtHGC78FoU59aGl5,...,SHIPPING,...,NULL,...,"2017-03-27 22:53:41.583","2017-03-27 22:53:41.934","2016-05-06 18:49:30",NULL,NULL
STRIPE,in_18AVRDHiCtHGC78FUi4f7I8m,...,SHIPPING,...,NULL,...,"2017-03-27 22:54:04.762","2017-03-27 22:54:07.013","2016-05-12 18:49:59",NULL,NULL
STRIPE,in_18AVTOHiCtHGC78Fndh46zlS,...,SHIPPING,...,NULL,...,"2017-03-27 22:54:18.862","2017-03-27 22:54:20.443","2016-05-12 18:52:14",NULL,NULL
STRIPE,in_18ArtKHiCtHGC78Fyiza9SpM,...,SHIPPING,...,NULL,...,"2017-03-27 22:55:03.788","2017-03-27 22:55:04.271","2016-05-13 18:48:30",NULL,NULL
STRIPE,in_18ArufHiCtHGC78FhVXQ94Gx,...,SHIPPING,...,NULL,...,"2017-03-27 22:55:10.668","2017-03-27 22:55:10.929","2016-05-13 18:49:53",NULL,NULL
STRIPE,in_18BEMsHiCtHGC78FS080Bhor,...,SHIPPING,...,NULL,...,"2017-03-27 22:55:18.091","2017-03-27 22:55:18.533","2016-05-14 18:48:30",NULL,NULL
STRIPE,in_18BENjHiCtHGC78Ffi4Uy37D,...,SHIPPING,...,NULL,...,"2017-03-27 22:55:21.987","2017-03-27 22:55:22.364","2016-05-14 18:49:23",NULL,NULL
STRIPE,in_18BaqkHiCtHGC78FccssZoyC,...,SHIPPING,...,NULL,...,"2017-03-27 22:55:31.067","2017-03-27 22:55:31.336","2016-05-15 18:48:50",NULL,NULL
STRIPE,in_18Bar1HiCtHGC78FftPq0tgI,...,SHIPPING,...,NULL,...,"2017-03-27 22:55:32.703","2017-03-27 22:55:33.064","2016-05-15 18:49:07",NULL,NULL
STRIPE,in_18BxJYHiCtHGC78FN10rWJuy,...,SHIPPING,...,NULL,...,"2017-03-27 22:55:37.702","2017-03-27 22:55:37.740","2016-05-16 18:48:04",NULL,NULL
STRIPE,in_18BxJjHiCtHGC78FT2h3sFSA,...,SHIPPING,...,NULL,...,"2017-03-27 22:55:38.156","2017-03-27 22:55:38.204","2016-05-16 18:48:15",NULL,NULL
STRIPE,in_18CJngHiCtHGC78F2KulNfrv,...,SHIPPING,...,NULL,...,"2017-03-27 22:55:41.278","2017-03-27 22:55:41.969","2016-05-17 18:48:40",NULL,NULL
STRIPE,in_18CJonHiCtHGC78FvclZPdKv,...,SHIPPING,...,NULL,...,"2017-03-27 22:55:46.565","2017-03-27 22:55:47.296","2016-05-17 18:49:49",NULL,NULL
STRIPE,in_18CgH4HiCtHGC78FJ2QVlxKm,...,SHIPPING,...,NULL,...,"2017-03-27 22:56:08.654","2017-03-27 22:56:09.259","2016-05-18 18:48:30",NULL,NULL
STRIPE,in_18CgHgHiCtHGC78FOBdtEa8y,...,SHIPPING,...,NULL,...,"2017-03-27 22:56:12.274","2017-03-27 22:56:12.756","2016-05-18 18:49:08",NULL,NULL
STRIPE,in_18D2kiHiCtHGC78FCx01Tarr,...,SHIPPING,...,NULL,...,"2017-03-27 22:56:28.106","2017-03-27 22:56:28.546","2016-05-19 18:48:36",NULL,NULL
STRIPE,in_18D2lgHiCtHGC78FZe0tVX6r,...,SHIPPING,...,NULL,...,"2017-03-27 22:56:32.755","2017-03-27 22:56:33.393","2016-05-19 18:49:36",NULL,NULL
STRIPE,in_18DPEMHiCtHGC78FINZPhZ4j,...,SHIPPING,...,NULL,...,"2017-03-27 22:56:49.471","2017-03-27 22:56:49.897","2016-05-20 18:48:42",NULL,NULL
STRIPE,in_18DPGAHiCtHGC78Fklr7ASID,...,SHIPPING,...,NULL,...,"2017-03-27 22:56:58.402","2017-03-27 22:56:58.782","2016-05-20 18:50:34",NULL,NULL
STRIPE,in_18DlhMHiCtHGC78FUtpaYcTg,...,SHIPPING,...,NULL,...,"2017-03-27 22:57:05.401","2017-03-27 22:57:05.759","2016-05-21 18:48:08",NULL,NULL
STRIPE,in_18Dlk1HiCtHGC78FKkz9yS3Q,...,SHIPPING,...,NULL,...,"2017-03-27 22:57:16.894","2017-03-27 22:57:17.312","2016-05-21 18:50:53",NULL,NULL
STRIPE,in_18Ei7BHiCtHGC78FGUsOKQo7,...,SHIPPING,...,NULL,...,"2017-03-27 22:57:23.742","2017-03-27 22:57:24.134","2016-05-24 09:10:41",NULL,NULL
STRIPE,in_18Ei8vHiCtHGC78F7c0fZKVL,...,SHIPPING,...,NULL,...,"2017-03-27 22:57:30.992","2017-03-27 22:57:31.299","2016-05-24 09:12:29",NULL,NULL
STRIPE,in_18EiAJHiCtHGC78FON4KS8ud,...,SHIPPING,...,NULL,...,"2017-03-27 22:57:34.958","2017-03-27 22:57:35.013","2016-05-24 09:13:55",NULL,NULL
STRIPE,in_18Er8sHiCtHGC78FsqrpGrt9,...,SHIPPING,...,NULL,...,"2017-03-27 22:57:41.614","2017-03-27 22:57:42.197","2016-05-24 18:49:02",NULL,NULL
STRIPE,in_18Er9uHiCtHGC78F7yUw5Bsx,...,SHIPPING,...,NULL,...,"2017-03-27 22:57:46.876","2017-03-27 22:57:47.307","2016-05-24 18:50:06",NULL,NULL
STRIPE,in_18FCHOHiCtHGC78FZxT9DKtu,...,PRIMARY,...,...,...,"2017-03-27 22:57:57.145","2017-03-27 22:57:57.222","2016-05-25 17:23:14",NULL,NULL
STRIPE,in_18FDbpHiCtHGC78F5DUuvCoT,...,SHIPPING,...,NULL,...,"2017-03-27 22:57:59.437","2017-03-27 22:58:00.207","2016-05-25 18:48:25",NULL,NULL
STRIPE,in_18FDcQHiCtHGC78Fu7z8Vp5s,...,SHIPPING,...,NULL,...,"2017-03-27 22:58:02.753","2017-03-27 22:58:03.225","2016-05-25 18:49:02",NULL,NULL
STRIPE,in_18Fa5hHiCtHGC78FuhhDlwo0,...,SHIPPING,...,NULL,...,"2017-03-27 22:58:24.514","2017-03-27 22:58:25.032","2016-05-26 18:48:45",NULL,NULL
STRIPE,in_18Fa67HiCtHGC78FyLc4sq1G,...,SHIPPING,...,NULL,...,"2017-03-27 22:58:27.333","2017-03-27 22:58:27.769","2016-05-26 18:49:11",NULL,NULL
STRIPE,in_18FwYgHiCtHGC78FU58Jupkm,...,SHIPPING,...,NULL,...,"2017-03-27 22:58:39.452","2017-03-27 22:58:40.031","2016-05-27 18:48:10",NULL,NULL
STRIPE,in_18FwZOHiCtHGC78FNJtHAK8b,...,SHIPPING,...,NULL,...,"2017-03-27 22:58:42.314","2017-03-27 22:58:42.892","2016-05-27 18:48:54",NULL,NULL
STRIPE,in_18GJ23HiCtHGC78FSUb9yVoy,...,SHIPPING,...,NULL,...,"2017-03-27 22:58:57.716","2017-03-27 22:58:58.104","2016-05-28 18:47:59",NULL,NULL
STRIPE,in_18GJ48HiCtHGC78Fry3liFtr,...,SHIPPING,...,NULL,...,"2017-03-27 22:59:06.100","2017-03-27 22:59:06.727","2016-05-28 18:50:08",NULL,NULL
STRIPE,in_18GfVcHiCtHGC78FrbNyzeZU,...,SHIPPING,...,NULL,...,"2017-03-27 22:59:15.135","2017-03-27 22:59:15.507","2016-05-29 18:48:00",NULL,NULL
STRIPE,in_18GfWuHiCtHGC78FK9nCF97U,...,SHIPPING,...,NULL,...,"2017-03-27 22:59:18.713","2017-03-27 22:59:18.993","2016-05-29 18:49:20",NULL,NULL
STRIPE,in_18HOSQHiCtHGC78FmfuE82PD,...,SHIPPING,...,NULL,...,"2017-03-27 22:59:25.612","2017-03-27 22:59:25.641","2016-05-31 18:47:42",NULL,NULL
STRIPE,in_18HOSVHiCtHGC78FF6ZjbaYT,...,SHIPPING,...,NULL,...,"2017-03-27 22:59:25.761","2017-03-27 22:59:25.800","2016-05-31 18:47:47",NULL,NULL
STRIPE,in_18HkwnHiCtHGC78F1lAcdv8D,...,SHIPPING,...,NULL,...,"2017-03-27 22:59:38.144","2017-03-27 22:59:38.725","2016-06-01 18:48:33",NULL,NULL
STRIPE,in_18HkyGHiCtHGC78FtdUnuYJP,...,SHIPPING,...,NULL,...,"2017-03-27 22:59:42.893","2017-03-27 22:59:43.541","2016-06-01 18:50:04",NULL,NULL
STRIPE,in_18I7QJHiCtHGC78FKg9ZuuT6,...,SHIPPING,...,NULL,...,"2017-03-27 22:59:57.505","2017-03-27 22:59:58.171","2016-06-02 18:48:31",NULL,NULL
STRIPE,in_18I7UGHiCtHGC78FBVfjRig2,...,SHIPPING,...,NULL,...,"2017-03-27 23:00:14.151","2017-03-27 23:00:14.813","2016-06-02 18:52:36",NULL,NULL
STRIPE,in_18ITtnHiCtHGC78FUf2og2Qo,...,SHIPPING,...,NULL,...,"2017-03-27 23:00:28.491","2017-03-27 23:00:28.942","2016-06-03 18:48:27",NULL,NULL
STRIPE,in_18ITw3HiCtHGC78FpWyTHFhy,...,SHIPPING,...,NULL,...,"2017-03-27 23:00:36.114","2017-03-27 23:00:37.127","2016-06-03 18:50:47",NULL,NULL
STRIPE,in_18IqMxHiCtHGC78FaUCTP6nM,...,SHIPPING,...,NULL,...,"2017-03-27 23:00:48.761","2017-03-27 23:00:49.213","2016-06-04 18:48:03",NULL,NULL
STRIPE,in_18IqNtHiCtHGC78FpLy56ONC,...,SHIPPING,...,NULL,...,"2017-03-27 23:00:53.503","2017-03-27 23:00:53.962","2016-06-04 18:49:01",NULL,NULL
STRIPE,in_18JCr5HiCtHGC78FGu9o5BM2,...,SHIPPING,...,NULL,...,"2017-03-27 23:01:12.490","2017-03-27 23:01:12.907","2016-06-05 18:48:39",NULL,NULL
STRIPE,in_18JCraHiCtHGC78FnicBSUen,...,SHIPPING,...,NULL,...,"2017-03-27 23:01:14.639","2017-03-27 23:01:14.990","2016-06-05 18:49:10",NULL,NULL
STRIPE,in_18JHo8HiCtHGC78F2IO79LQg,...,PRIMARY,...,...,...,"2017-03-27 23:01:20.118","2017-03-27 23:01:20.250","2016-06-06 00:05:56",NULL,NULL
STRIPE,in_18JZJOHiCtHGC78F9S9DylQR,...,SHIPPING,...,NULL,...,"2017-03-27 23:01:25.157","2017-03-27 23:01:25.237","2016-06-06 18:47:22",NULL,NULL
STRIPE,in_18JvnwHiCtHGC78FFXuqlV3P,...,SHIPPING,...,NULL,...,"2017-03-27 23:01:33.315","2017-03-27 23:01:33.803","2016-06-07 18:48:24",NULL,NULL
STRIPE,in_18JvooHiCtHGC78FCnA2pt6K,...,SHIPPING,...,NULL,...,"2017-03-27 23:01:36.847","2017-03-27 23:01:37.358","2016-06-07 18:49:18",NULL,NULL
STRIPE,in_18QQt5HiCtHGC78FRtfqHik4,...,PRIMARY,...,...,...,"2017-03-27 23:07:35.887","2017-03-27 23:07:35.920","2016-06-25 17:12:35",NULL,NULL
STRIPE,in_18UA3JHiCtHGC78FlcnSivCB,...,PRIMARY,...,...,...,"2017-03-27 23:09:59.212","2017-03-27 23:09:59.306","2016-07-06 00:02:33",NULL,NULL
STRIPE,in_18aDAuHiCtHGC78FLhwjnlAc,...,PRIMARY,...,...,...,"2017-03-27 23:14:02.843","2017-03-27 23:14:02.845","2016-07-22 16:35:24",NULL,NULL
STRIPE,in_18bJDNHiCtHGC78F6WeRoUA5,...,PRIMARY,...,...,...,"2017-03-27 23:14:43.308","2017-03-27 23:14:43.460","2016-07-25 17:14:29",NULL,NULL
STRIPE,in_18bwnxHiCtHGC78FnaaK1LJJ,...,PRIMARY,...,...,...,"2017-03-27 23:15:05.445","2017-03-27 23:15:05.447","2016-07-27 11:30:53",NULL,NULL
STRIPE,in_18crTlHiCtHGC78FaRBLsGN7,...,PRIMARY,...,...,...,"2017-03-27 23:15:52.148","2017-03-27 23:15:52.240","2016-07-30 00:01:49",NULL,NULL
STRIPE,in_18eUC8HiCtHGC78FQdp9Krar,...,PRIMARY,...,...,...,"2017-03-27 23:16:40.717","2017-03-27 23:16:41.077","2016-08-03 11:34:20",NULL,NULL
STRIPE,in_18fOnkHiCtHGC78FWQYvsogu,...,PRIMARY,...,...,...,"2017-03-27 23:17:29.155","2017-03-27 23:17:29.246","2016-08-06 00:00:56",NULL,NULL
STRIPE,in_18mXybHiCtHGC78Fuz8EktXi,...,PRIMARY,...,...,...,"2017-03-27 23:22:24.729","2017-03-27 23:22:24.772","2016-08-25 17:13:41",NULL,NULL
STRIPE,in_18njmHHiCtHGC78FivX1KwAQ,...,PRIMARY,...,...,...,"2017-03-27 23:23:12.366","2017-03-27 23:23:12.461","2016-08-29 00:01:53",NULL,NULL
STRIPE,in_18pMTdHiCtHGC78FJPkJig6V,...,PRIMARY,...,...,...,"2017-03-27 23:24:37.703","2017-03-27 23:24:37.904","2016-09-02 11:33:21",NULL,NULL
STRIPE,in_18qdcAHiCtHGC78F5JXiWBtI,...,PRIMARY,...,...,...,"2017-03-27 23:25:30.104","2017-03-27 23:25:30.296","2016-09-06 00:03:26",NULL,NULL
STRIPE,in_18xmnKHiCtHGC78F6asOrOMB,...,PRIMARY,...,...,...,"2017-03-27 23:31:34.787","2017-03-27 23:31:34.822","2016-09-25 17:16:30",NULL,NULL
STRIPE,in_18yc3yHiCtHGC78FBKFiu1Vh,...,PRIMARY,...,...,...,"2017-03-27 23:32:04.801","2017-03-27 23:32:04.931","2016-09-28 00:01:06",NULL,NULL
STRIPE,in_18zSGwHiCtHGC78FoO7YBStf,...,PRIMARY,...,...,...,"2017-03-27 23:32:47.623","2017-03-27 23:32:47.656","2016-09-30 07:45:58",NULL,NULL
STRIPE,in_18zW6yHiCtHGC78F6vxkkSjt,...,PRIMARY,...,...,...,"2017-03-27 23:32:48.843","2017-03-27 23:32:48.845","2016-09-30 11:51:56",NULL,NULL
STRIPE,in_18zWxWHiCtHGC78FSwnvkR7W,...,PRIMARY,...,...,...,"2017-03-27 23:32:49.165","2017-03-27 23:32:49.167","2016-09-30 12:46:14",NULL,NULL
STRIPE,in_190ErcHiCtHGC78FHv7r1wGv,...,PRIMARY,...,...,...,"2017-03-27 23:33:33.694","2017-03-27 23:33:33.784","2016-10-02 11:39:04",NULL,NULL
STRIPE,in_191VzzHiCtHGC78FbgsWS9VG,...,PRIMARY,...,...,...,"2017-03-27 23:34:42.830","2017-03-27 23:34:42.921","2016-10-06 00:08:59",NULL,NULL
STRIPE,in_198f1IHiCtHGC78FQdr13w6y,...,PRIMARY,...,...,...,"2017-03-27 23:40:18.155","2017-03-27 23:40:18.373","2016-10-25 17:11:52",NULL,NULL
STRIPE,in_199ULOHiCtHGC78FWLFzIAKe,...,PRIMARY,...,...,...,"2017-03-27 23:40:59.653","2017-03-27 23:40:59.890","2016-10-28 00:00:02",NULL,NULL
STRIPE,in_19AKZTHiCtHGC78F0CQErVrC,...,PRIMARY,...,...,...,"2017-03-27 23:41:39.798","2017-03-27 23:41:40.033","2016-10-30 07:46:03",NULL,NULL
STRIPE,in_19AwFuHiCtHGC78FbSQzgCcy,...,PRIMARY,...,...,...,"2017-03-27 23:42:05.747","2017-03-27 23:42:05.782","2016-11-01 00:00:22",NULL,NULL
STRIPE,in_19B72BHiCtHGC78FZ2PyF0YY,...,PRIMARY,...,...,...,"2017-03-27 23:42:07.631","2017-03-27 23:42:07.983","2016-11-01 11:30:55",NULL,NULL
STRIPE,in_19BIjDHiCtHGC78FbAnCXVvy,...,PRIMARY,...,...,...,"2017-03-27 23:42:28.783","2017-03-27 23:42:28.848","2016-11-02 00:00:07",NULL,NULL
STRIPE,in_19CkdVHiCtHGC78FTMz338ag,...,PRIMARY,...,...,...,"2017-03-27 23:43:55.441","2017-03-27 23:43:55.652","2016-11-06 00:00:13",NULL,NULL
STRIPE,in_19JtnWHiCtHGC78F5GyJS6bt,...,PRIMARY,...,...,...,"2017-03-27 23:49:19.742","2017-03-27 23:49:19.776","2016-11-25 16:12:06",NULL,NULL
STRIPE,in_19KMdoHiCtHGC78FB0iaZswG,...,PRIMARY,...,...,...,"2017-03-27 23:49:34.802","2017-03-27 23:49:34.836","2016-11-26 23:00:00",NULL,NULL
STRIPE,in_19L0cOHiCtHGC78FS09UYElp,...,PRIMARY,...,...,...,"2017-03-27 23:49:49.122","2017-03-27 23:49:49.165","2016-11-28 17:41:12",NULL,NULL
STRIPE,in_19LZLaHiCtHGC78FI0zrN5yc,...,PRIMARY,...,...,...,"2017-03-27 23:50:33.224","2017-03-27 23:50:33.258","2016-11-30 06:46:10",NULL,NULL
STRIPE,in_19LoYPHiCtHGC78Fwe4mXQ1W,...,PRIMARY,...,...,...,"2017-03-27 23:51:17.800","2017-03-27 23:51:17.833","2016-11-30 23:00:25",NULL,NULL
STRIPE,in_19LzKeHiCtHGC78FL72rvQo9,...,PRIMARY,...,...,...,"2017-03-27 23:51:19.938","2017-03-27 23:51:20.460","2016-12-01 10:30:56",NULL,NULL
STRIPE,in_19MB1zHiCtHGC78FsrzZl2ZP,...,PRIMARY,...,...,...,"2017-03-27 23:51:51.947","2017-03-27 23:51:52.026","2016-12-01 23:00:27",NULL,NULL
STRIPE,in_19Nce6HiCtHGC78FvaIZJRTk,...,PRIMARY,...,...,...,"2017-03-27 23:53:31.939","2017-03-27 23:53:31.942","2016-12-05 22:41:46",NULL,NULL
STRIPE,in_19NcwYHiCtHGC78FzLTlpuoU,...,PRIMARY,...,...,...,"2017-03-27 23:53:32.266","2017-03-27 23:53:32.529","2016-12-05 23:00:50",NULL,NULL
STRIPE,in_19VsuvHiCtHGC78FpsxIQKqK,...,PRIMARY,...,...,...,"2017-03-28 00:13:25.810","2017-03-28 00:13:25.871","2016-12-28 17:41:17",NULL,NULL
STRIPE,in_19WRdzHiCtHGC78FtXssvtOg,...,PRIMARY,...,...,...,"2017-03-28 00:15:23.316","2017-03-28 00:15:23.384","2016-12-30 06:46:07",NULL,NULL
STRIPE,in_19WgqkHiCtHGC78FGcmiDUCj,...,PRIMARY,...,...,...,"2017-03-28 00:16:25.728","2017-03-28 00:16:25.787","2016-12-30 23:00:18",NULL,NULL
STRIPE,in_19WrdFHiCtHGC78FtyYWJB4Y,...,PRIMARY,...,...,...,"2017-03-28 00:16:28.503","2017-03-28 00:16:28.537","2016-12-31 10:31:05",NULL,NULL
STRIPE,in_19X3KxHiCtHGC78FIVuPH01Y,...,PRIMARY,...,...,...,"2017-03-28 00:16:50.365","2017-03-28 00:16:50.590","2016-12-31 23:00:59",NULL,NULL
STRIPE,in_19Yri7HiCtHGC78Fdnh2ipoG,...,PRIMARY,...,...,...,"2017-03-28 00:21:10.133","2017-03-28 00:21:10.235","2017-01-05 23:00:23",NULL,NULL
STRIPE,in_19gelfHiCtHGC78Feuoc8H6W,...,PRIMARY,...,...,...,"2017-03-28 00:37:31.775","2017-03-28 00:37:31.811","2017-01-27 10:48:15",NULL,NULL
STRIPE,in_19glDJHiCtHGC78FFdafeEEo,...,PRIMARY,...,...,...,"2017-03-28 00:38:14.371","2017-03-28 00:38:14.405","2017-01-27 17:41:13",NULL,NULL
STRIPE,in_19hZ8wHiCtHGC78Fhfr46U4M,...,PRIMARY,...,...,...,"2017-03-28 00:39:09.275","2017-03-28 00:39:09.309","2017-01-29 23:00:02",NULL,NULL
STRIPE,in_19hgR9HiCtHGC78FCe2e24Dm,...,PRIMARY,...,...,...,"2017-03-28 00:39:09.541","2017-03-28 00:39:09.576","2017-01-30 06:47:19",NULL,NULL
STRIPE,in_19hjwoHiCtHGC78FSz5Lq3y9,...,PRIMARY,...,...,...,"2017-03-28 00:39:11.597","2017-03-28 00:39:11.672","2017-01-30 10:32:14",NULL,NULL
STRIPE,in_19hvcxHiCtHGC78FvaPOlqUS,...,PRIMARY,...,...,...,"2017-03-28 00:39:54.264","2017-03-28 00:39:54.383","2017-01-30 23:00:31",NULL,NULL
STRIPE,in_19k6UxHiCtHGC78FcPd9fKWZ,...,PRIMARY,...,...,...,"2017-03-28 00:43:37.039","2017-03-28 00:43:37.186","2017-02-05 23:01:15",NULL,NULL
STRIPE,in_19rdWJHiCtHGC78FF8Xzu1U1,...,PRIMARY,...,...,...,"2017-03-28 01:19:09.012","2017-03-28 01:19:09.385","2017-02-26 17:41:47",NULL,NULL
STRIPE,in_19rtYCHiCtHGC78Fu4vZ2Uzf,...,PRIMARY,...,...,...,"2017-03-28 01:19:24.831","2017-03-28 01:19:26.329","2017-02-27 10:48:48",NULL,NULL
STRIPE,in_19sCFqHiCtHGC78FKGbi4a7W,...,PRIMARY,...,...,...,"2017-03-28 01:21:26.734","2017-03-28 01:21:26.811","2017-02-28 06:47:06",NULL,NULL
STRIPE,in_19sRSVHiCtHGC78FL9eSRtf6,...,PRIMARY,...,...,...,"2017-03-28 01:23:35.414","2017-03-28 01:23:35.476","2017-02-28 23:01:11",NULL,NULL
STRIPE,in_19scFvHiCtHGC78FR0PQPuQf,...,PRIMARY,...,...,...,"2017-03-28 01:23:50.519","2017-03-28 01:23:52.890","2017-03-01 10:32:55",NULL,NULL
STRIPE,in_19snxJHiCtHGC78FaA4Pdifl,...,PRIMARY,...,...,...,"2017-03-28 01:25:36.569","2017-03-28 01:25:36.795","2017-03-01 23:02:29",NULL,NULL
STRIPE,in_19uFpfHiCtHGC78Fbl8KNtf9,...,PRIMARY,...,...,...,"2017-03-28 01:33:20.672","2017-03-28 01:33:21.112","2017-03-05 23:00:35",NULL,NULL
STRIPE,in_1A0e7wHiCtHGC78FpKThXCKt,...,PRIMARY,...,...,...,"2017-03-28 04:10:49.817","2017-03-28 04:10:50.779","2017-03-23 15:09:52",NULL,NULL
STRIPE,in_1A22tgHiCtHGC78FOt98CNL0,...,PRIMARY,...,...,...,"2017-03-28 05:39:24.743","2017-03-28 05:39:52.765","2017-03-27 11:48:56",NULL,NULL
